,Player,Pos,Age,Team,Games,Minutes Played,Fields Goal,Fields Goal Attempted,3-points Field Goal,3-points Field Goal Attempted,2-points Field Goal,2-points Field Goal Attempted,Free Throws,Free Throws Attempted,Offensive Rebounds,Defensive Rebounds,Total Rebounds,Assists,Steals,Blocks,Turnovers,Personal Fouls,Points,Rank,Year
2023,Precious Achiuwa,PF,21,MIA,61,12.1,2.0,3.7,0.0,0.0,2.0,3.7,0.9,1.8,1.2,2.2,3.4,0.5,0.3,0.5,0.7,1.5,5.0,1,2021
2024,Jaylen Adams,PG,24,MIL,7,2.6,0.1,1.1,0.0,0.3,0.1,0.9,0.0,0.0,0.0,0.4,0.4,0.3,0.0,0.0,0.0,0.1,0.3,2,2021
2025,Steven Adams,C,27,NOP,58,27.7,3.3,5.3,0.0,0.1,3.3,5.3,1.0,2.3,3.7,5.2,8.9,1.9,0.9,0.7,1.3,1.9,7.6,3,2021
2026,Bam Adebayo,C,23,MIA,64,33.5,7.1,12.5,0.0,0.1,7.1,12.4,4.4,5.5,2.2,6.7,9.0,5.4,1.2,1.0,2.6,2.3,18.7,4,2021
2027,LaMarcus Aldridge,C,35,TOT,26,25.9,5.4,11.4,1.2,3.1,4.2,8.3,1.6,1.8,0.7,3.8,4.5,1.9,0.4,1.1,1.0,1.8,13.5,5,2021
2028,LaMarcus Aldridge,C,35,SAS,21,25.9,5.5,11.8,1.3,3.6,4.2,8.2,1.5,1.8,0.8,3.7,4.5,1.7,0.4,0.9,1.0,1.7,13.7,5,2021
2029,LaMarcus Aldridge,C,35,BRK,5,26.0,5.0,9.6,0.8,1.0,4.2,8.6,2.0,2.0,0.4,4.4,4.8,2.6,0.6,2.2,1.4,2.2,12.8,5,2021
2030,Ty-Shon Alexander,SG,22,PHO,15,3.1,0.2,0.8,0.1,0.6,0.1,0.2,0.1,0.1,0.1,0.5,0.7,0.4,0.0,0.1,0.2,0.1,0.6,6,2021
2031,Nickeil Alexander-Walker,SG,22,NOP,46,21.9,4.2,10.0,1.7,4.8,2.5,5.2,1.0,1.4,0.3,2.8,3.1,2.2,1.0,0.5,1.5,1.9,11.0,7,2021
2032,Grayson Allen,SG,25,MEM,50,25.2,3.5,8.3,2.1,5.5,1.3,2.8,1.6,1.8,0.4,2.8,3.2,2.2,0.9,0.2,1.0,1.4,10.6,8,2021
2033,Jarrett Allen,C,22,TOT,63,29.6,4.7,7.7,0.1,0.3,4.6,7.3,3.2,4.6,3.1,6.9,10.0,1.7,0.5,1.4,1.6,1.5,12.8,9,2021
2034,Jarrett Allen,C,22,BRK,12,26.7,3.7,5.4,0.0,0.0,3.7,5.4,3.8,5.1,3.2,7.3,10.4,1.7,0.6,1.6,1.8,1.8,11.2,9,2021
2035,Jarrett Allen,C,22,CLE,51,30.3,5.0,8.2,0.1,0.4,4.9,7.8,3.1,4.5,3.1,6.8,9.9,1.7,0.5,1.4,1.5,1.5,13.2,9,2021
2036,Al-Farouq Aminu,PF,30,TOT,23,18.9,1.7,4.3,0.3,1.6,1.3,2.7,0.8,1.0,1.0,3.8,4.8,1.3,0.8,0.4,1.2,1.3,4.4,10,2021
2037,Al-Farouq Aminu,PF,30,ORL,17,21.6,2.1,5.2,0.4,1.8,1.7,3.4,0.8,1.0,1.2,4.2,5.4,1.7,1.0,0.5,1.5,1.3,5.5,10,2021
2038,Al-Farouq Aminu,PF,30,CHI,6,11.2,0.3,1.7,0.2,1.0,0.2,0.7,0.7,0.8,0.3,2.8,3.2,0.3,0.3,0.0,0.5,1.2,1.5,10,2021
2039,Kyle Anderson,PF,27,MEM,69,27.3,4.5,9.5,1.4,3.8,3.1,5.8,2.1,2.7,0.8,5.0,5.7,3.6,1.2,0.8,1.2,1.7,12.4,11,2021
2040,Giannis Antetokounmpo,PF,26,MIL,61,33.0,10.3,18.0,1.1,3.6,9.2,14.4,6.5,9.5,1.6,9.4,11.0,5.9,1.2,1.2,3.4,2.8,28.1,12,2021
2041,Kostas Antetokounmpo,PF,23,LAL,15,3.7,0.2,0.7,0.0,0.0,0.2,0.7,0.4,0.9,0.3,1.0,1.3,0.1,0.1,0.3,0.7,0.5,0.8,13,2021
2042,Thanasis Antetokounmpo,SF,28,MIL,57,9.7,1.2,2.4,0.1,0.5,1.1,1.9,0.4,0.9,0.9,1.2,2.2,0.8,0.4,0.2,0.8,1.3,2.9,14,2021
2043,Carmelo Anthony,PF,36,POR,69,24.5,4.7,11.3,1.9,4.7,2.8,6.6,2.0,2.2,0.5,2.6,3.1,1.5,0.7,0.6,0.9,2.1,13.4,15,2021
2044,Cole Anthony,PG,20,ORL,47,27.1,4.7,11.7,1.2,3.7,3.4,8.1,2.3,2.8,0.8,3.9,4.7,4.1,0.6,0.4,2.3,2.1,12.9,16,2021
2045,OG Anunoby,SF,23,TOR,43,33.3,5.8,12.1,2.4,6.1,3.4,6.0,1.9,2.4,1.3,4.3,5.5,2.2,1.5,0.7,1.7,2.7,15.9,17,2021
2046,Ryan Arcidiacono,PG,26,CHI,44,10.2,1.1,2.7,0.6,1.5,0.5,1.1,0.3,0.5,0.1,1.4,1.5,1.3,0.2,0.0,0.2,1.1,3.1,18,2021
2047,Trevor Ariza,SF,35,MIA,30,28.0,3.3,8.0,1.7,4.8,1.6,3.3,1.1,1.5,0.9,3.9,4.8,1.8,1.0,0.6,0.7,1.8,9.4,19,2021
2048,D.J. Augustin,PG,33,TOT,57,19.8,2.4,6.0,1.5,3.8,0.9,2.2,1.5,1.6,0.4,1.3,1.6,3.3,0.5,0.0,1.1,1.0,7.7,20,2021
2049,D.J. Augustin,PG,33,MIL,37,19.3,1.9,5.2,1.3,3.5,0.6,1.7,1.0,1.1,0.3,1.1,1.4,3.0,0.5,0.0,0.9,0.9,6.1,20,2021
2050,D.J. Augustin,PG,33,HOU,20,20.8,3.2,7.6,1.7,4.4,1.5,3.2,2.5,2.7,0.5,1.8,2.2,3.9,0.4,0.0,1.6,1.2,10.6,20,2021
2051,Deni Avdija,SF,20,WAS,54,23.3,2.4,5.8,1.0,3.1,1.4,2.7,0.5,0.8,0.4,4.4,4.9,1.2,0.6,0.3,0.6,2.6,6.3,21,2021
2052,Deandre Ayton,C,22,PHO,69,30.7,6.2,10.0,0.1,0.3,6.2,9.7,1.9,2.5,3.3,7.2,10.5,1.4,0.6,1.2,1.5,2.8,14.4,22,2021
2053,Udoka Azubuike,C,21,UTA,15,3.8,0.3,0.6,0.0,0.0,0.3,0.6,0.5,0.7,0.3,0.6,0.9,0.0,0.1,0.3,0.2,0.6,1.1,23,2021
2054,Dwayne Bacon,SG,25,ORL,72,25.7,4.1,10.1,0.8,2.9,3.2,7.2,2.0,2.4,0.4,2.7,3.1,1.3,0.6,0.1,0.6,1.4,10.9,24,2021
2055,Marvin Bagley III,PF,21,SAC,43,25.9,5.7,11.4,0.9,2.5,4.9,8.9,1.8,3.1,2.5,4.9,7.4,1.0,0.5,0.5,1.4,2.3,14.1,25,2021
2056,LaMelo Ball,PG,19,CHO,51,28.8,5.7,13.2,1.8,5.1,3.9,8.1,2.5,3.2,1.2,4.7,5.9,6.1,1.6,0.4,2.8,2.7,15.7,26,2021
2057,Lonzo Ball,PG,23,NOP,55,31.8,5.3,12.7,3.1,8.3,2.1,4.5,0.9,1.2,0.6,4.2,4.8,5.7,1.5,0.6,2.2,1.9,14.6,27,2021
2058,Mo Bamba,C,22,ORL,46,15.8,3.1,6.5,0.8,2.6,2.3,4.0,1.0,1.4,1.7,4.1,5.8,0.8,0.3,1.3,0.8,1.9,8.0,28,2021
2059,Desmond Bane,SG,22,MEM,68,22.3,3.4,7.3,1.7,4.0,1.7,3.4,0.6,0.7,0.5,2.6,3.1,1.7,0.6,0.2,0.9,1.8,9.2,29,2021
2060,Harrison Barnes,PF,28,SAC,58,36.2,5.5,11.1,1.7,4.4,3.8,6.7,3.4,4.1,1.1,5.5,6.6,3.5,0.7,0.2,1.6,1.3,16.1,30,2021
2061,RJ Barrett,SG,20,NYK,72,34.9,6.5,14.7,1.7,4.3,4.8,10.4,2.9,3.8,0.9,4.8,5.8,3.0,0.7,0.3,1.9,2.6,17.6,31,2021
2062,Will Barton,SF,30,DEN,56,31.0,4.6,10.9,1.8,4.6,2.9,6.3,1.7,2.2,0.7,3.3,4.0,3.2,0.9,0.4,1.7,1.7,12.7,32,2021
2063,Keita Bates-Diop,SF,25,SAS,30,8.2,1.0,2.2,0.2,0.6,0.8,1.7,0.5,0.7,0.3,1.3,1.6,0.4,0.4,0.2,0.2,0.4,2.6,33,2021
2064,Nicolas Batum,SF,32,LAC,67,27.4,2.9,6.1,1.6,4.1,1.2,2.1,0.7,0.9,0.7,4.0,4.7,2.2,1.0,0.6,0.8,1.5,8.1,34,2021
2065,Aron Baynes,C,34,TOR,53,18.5,2.5,5.7,0.5,1.9,2.0,3.8,0.5,0.8,1.6,3.5,5.2,0.9,0.3,0.4,0.9,2.2,6.1,35,2021
2066,Kent Bazemore,SF,31,GSW,67,19.9,2.6,5.9,1.1,2.7,1.5,3.1,0.8,1.2,0.4,3.0,3.4,1.6,1.0,0.5,1.2,2.4,7.2,36,2021
2067,Darius Bazley,PF,20,OKC,55,31.2,5.0,12.5,1.5,5.2,3.5,7.3,2.3,3.2,0.9,6.3,7.2,1.8,0.5,0.5,2.2,1.1,13.7,37,2021
2068,Bradley Beal,SG,27,WAS,60,35.8,11.2,23.0,2.2,6.2,9.0,16.8,6.8,7.7,1.2,3.5,4.7,4.4,1.2,0.4,3.1,2.3,31.3,38,2021
2069,Malik Beasley,SG,24,MIN,37,32.8,7.1,16.2,3.5,8.7,3.7,7.5,1.8,2.2,0.8,3.6,4.4,2.4,0.8,0.2,1.6,1.7,19.6,39,2021
2070,Jordan Bell,C,26,TOT,6,13.7,1.2,3.7,0.0,0.3,1.2,3.3,0.2,0.3,1.2,2.8,4.0,1.2,0.5,0.8,0.7,1.2,2.5,40,2021
2071,Jordan Bell,C,26,WAS,5,13.4,1.4,4.0,0.0,0.4,1.4,3.6,0.0,0.0,1.2,2.6,3.8,1.0,0.6,0.6,0.6,1.0,2.8,40,2021
2072,Jordan Bell,C,26,GSW,1,15.0,0.0,2.0,0.0,0.0,0.0,2.0,1.0,2.0,1.0,4.0,5.0,2.0,0.0,2.0,1.0,2.0,1.0,40,2021
2073,DeAndre' Bembry,SF,26,TOR,51,19.1,2.3,4.5,0.3,1.0,2.0,3.4,0.9,1.3,0.6,2.2,2.9,2.1,1.0,0.4,1.4,1.7,5.7,41,2021
2074,Dāvis Bertāns,PF,28,WAS,57,25.7,3.4,8.4,3.0,7.5,0.4,0.9,1.8,2.0,0.3,2.6,2.9,0.9,0.6,0.2,0.6,2.4,11.5,42,2021
2075,Patrick Beverley,PG,32,LAC,37,22.5,2.5,5.9,1.5,3.8,1.0,2.1,1.0,1.2,0.8,2.4,3.2,2.1,0.8,0.8,0.9,2.9,7.5,43,2021
2076,Saddiq Bey,SF,21,DET,70,27.3,4.0,9.9,2.5,6.6,1.5,3.3,1.8,2.1,0.6,3.9,4.5,1.4,0.7,0.2,0.9,1.6,12.2,44,2021
2077,Tyler Bey,SF,22,DAL,18,3.9,0.4,1.2,0.1,0.2,0.3,1.0,0.2,0.3,0.4,0.6,1.1,0.2,0.0,0.1,0.2,0.3,1.0,45,2021
2078,Khem Birch,C,28,TOT,67,22.8,2.8,5.7,0.2,0.8,2.6,4.9,1.4,1.9,2.6,3.2,5.8,1.3,0.7,0.7,0.7,1.7,7.2,46,2021
2079,Khem Birch,C,28,ORL,48,19.8,2.0,4.4,0.1,0.4,1.9,3.9,1.3,1.8,2.4,2.6,5.1,1.1,0.7,0.6,0.5,1.4,5.3,46,2021
2080,Khem Birch,C,28,TOR,19,30.4,5.0,9.0,0.5,1.6,4.5,7.4,1.5,2.3,3.0,4.6,7.6,1.9,0.8,1.2,1.1,2.4,11.9,46,2021
2081,Goga Bitadze,C,21,IND,45,12.5,1.8,4.3,0.4,1.8,1.4,2.6,1.0,1.4,1.3,2.0,3.3,0.8,0.2,1.3,0.4,2.1,5.1,47,2021
2082,Bismack Biyombo,C,28,CHO,66,20.4,2.2,3.7,0.0,0.0,2.2,3.7,0.7,1.6,2.1,3.2,5.3,1.2,0.3,1.1,1.1,2.1,5.0,48,2021
2083,Nemanja Bjelica,PF,32,TOT,37,16.1,2.4,5.3,0.7,2.3,1.7,3.0,1.0,1.4,0.8,2.6,3.4,1.9,0.4,0.1,0.9,1.8,6.5,49,2021
2084,Nemanja Bjelica,PF,32,SAC,26,16.9,2.7,5.8,0.7,2.2,2.0,3.5,1.2,1.6,0.9,2.9,3.8,1.9,0.3,0.1,1.1,1.8,7.2,49,2021
2085,Nemanja Bjelica,PF,32,MIA,11,14.2,1.8,4.2,0.9,2.5,0.9,1.7,0.5,0.8,0.5,2.0,2.5,1.8,0.6,0.3,0.5,1.8,5.0,49,2021
2086,Eric Bledsoe,SG,31,NOP,71,29.7,4.3,10.3,1.7,5.0,2.6,5.3,1.9,2.7,0.4,3.0,3.4,3.8,0.8,0.3,1.6,1.6,12.2,50,2021
2087,Keljin Blevins,SF,25,POR,17,4.4,0.3,1.2,0.1,0.5,0.2,0.7,0.0,0.0,0.2,0.4,0.6,0.2,0.1,0.0,0.3,0.5,0.7,51,2021
2088,Bogdan Bogdanović,SG,28,ATL,44,29.7,6.1,12.8,3.3,7.6,2.8,5.3,0.9,1.0,0.5,3.2,3.6,3.3,1.1,0.3,1.2,2.3,16.4,52,2021
2089,Bojan Bogdanović,SF,31,UTA,72,30.8,5.6,12.8,2.5,6.4,3.1,6.4,3.2,3.7,0.6,3.3,3.9,1.9,0.6,0.1,1.8,1.6,17.0,53,2021
2090,Bol Bol,PF,21,DEN,32,5.0,0.8,1.8,0.3,0.8,0.5,1.1,0.3,0.5,0.0,0.8,0.8,0.2,0.1,0.3,0.4,0.4,2.2,54,2021
2091,Marques Bolden,C,22,CLE,6,4.8,0.2,0.5,0.0,0.0,0.2,0.5,0.8,1.3,0.5,0.5,1.0,0.0,0.3,0.3,0.3,0.0,1.2,55,2021
2092,Jordan Bone,PG,23,ORL,14,14.0,1.6,3.9,0.7,2.3,0.9,1.6,0.0,0.0,0.3,1.4,1.7,1.3,0.1,0.0,0.2,0.8,4.0,56,2021
2093,Isaac Bonga,SF,21,WAS,40,10.8,0.8,2.0,0.3,1.2,0.4,0.9,0.1,0.2,0.5,1.2,1.7,0.6,0.3,0.2,0.6,1.6,2.0,57,2021
2094,Devin Booker,SG,24,PHO,67,33.9,9.3,19.2,1.9,5.5,7.4,13.7,5.1,5.9,0.5,3.7,4.2,4.3,0.8,0.2,3.1,2.7,25.6,58,2021
2095,Chris Boucher,C,28,TOR,60,24.2,4.8,9.3,1.5,3.9,3.3,5.4,2.5,3.2,2.0,4.8,6.7,1.1,0.6,1.9,0.8,2.8,13.6,59,2021
2096,Brian Bowen,SF,22,IND,6,2.5,0.2,0.7,0.0,0.2,0.2,0.5,0.2,0.2,0.0,0.5,0.5,0.0,0.0,0.0,0.0,0.2,0.5,60,2021
2097,Avery Bradley,SG,30,TOT,27,22.3,2.4,6.3,1.2,3.7,1.1,2.6,0.4,0.6,0.3,1.8,2.1,1.7,0.8,0.1,1.0,2.0,6.4,61,2021
2098,Avery Bradley,SG,30,MIA,10,21.1,3.1,6.6,1.6,3.8,1.5,2.8,0.7,0.9,0.2,1.6,1.8,1.4,0.7,0.1,0.9,2.6,8.5,61,2021
2099,Avery Bradley,SG,30,HOU,17,23.0,1.9,6.2,1.0,3.7,0.9,2.5,0.3,0.4,0.4,1.9,2.3,1.9,0.8,0.1,1.1,1.7,5.2,61,2021
2100,Tony Bradley,C,23,TOT,42,16.3,3.1,4.7,0.0,0.1,3.1,4.6,0.9,1.3,2.0,3.7,5.7,0.9,0.4,0.7,0.8,1.5,7.1,62,2021
2101,Tony Bradley,C,23,PHI,20,14.4,2.6,3.8,0.0,0.1,2.6,3.7,0.4,0.6,2.0,3.3,5.2,0.9,0.3,0.7,0.3,1.4,5.5,62,2021
2102,Tony Bradley,C,23,OKC,22,18.0,3.6,5.5,0.0,0.1,3.6,5.5,1.4,2.0,2.1,4.0,6.1,0.9,0.4,0.8,1.2,1.5,8.7,62,2021
2103,Jarrell Brantley,PF,24,UTA,28,4.9,0.9,1.9,0.4,1.0,0.5,0.9,0.1,0.1,0.3,0.6,1.0,0.5,0.3,0.1,0.3,0.6,2.3,63,2021
2104,Ignas Brazdeikis,SF,22,TOT,13,19.2,2.7,6.4,0.8,2.2,1.8,4.2,0.8,1.1,0.8,2.6,3.5,1.3,0.3,0.2,0.9,1.7,7.0,64,2021
2105,Ignas Brazdeikis,SF,22,NYK,4,1.8,0.0,0.3,0.0,0.0,0.0,0.3,0.5,0.5,0.3,0.3,0.5,0.3,0.0,0.0,0.3,0.0,0.5,64,2021
2106,Ignas Brazdeikis,SF,22,PHI,1,8.0,0.0,3.0,0.0,1.0,0.0,2.0,0.0,0.0,0.0,2.0,2.0,0.0,0.0,0.0,0.0,0.0,0.0,64,2021
2107,Ignas Brazdeikis,SF,22,ORL,8,29.3,4.4,9.9,1.4,3.4,3.0,6.5,1.0,1.5,1.3,3.9,5.1,2.0,0.5,0.4,1.4,2.8,11.1,64,2021
2108,Mikal Bridges,SF,24,PHO,72,32.6,5.0,9.3,1.9,4.4,3.2,4.9,1.5,1.8,1.1,3.2,4.3,2.1,1.1,0.9,0.8,1.6,13.5,65,2021
2109,Miles Bridges,PF,22,CHO,66,29.3,4.7,9.4,1.8,4.4,3.0,5.0,1.5,1.7,1.2,4.8,6.0,2.2,0.7,0.8,1.6,2.2,12.7,66,2021
2110,Amida Brimah,C,26,IND,5,5.8,1.0,1.6,0.0,0.0,1.0,1.6,0.6,0.6,0.4,1.2,1.6,0.2,0.0,1.0,0.8,0.8,2.6,67,2021
2111,Oshae Brissett,SF,22,IND,21,24.7,3.5,7.2,1.6,3.7,1.9,3.5,2.4,3.1,1.4,4.1,5.5,0.9,0.9,1.0,0.5,1.5,10.9,68,2021
2112,Malcolm Brogdon,PG,28,IND,56,34.5,7.9,17.5,2.6,6.7,5.3,10.8,2.7,3.2,1.0,4.2,5.3,5.9,0.9,0.3,2.1,2.0,21.2,69,2021
2113,Armoni Brooks,SG,22,HOU,20,26.0,3.9,9.6,3.0,7.9,0.9,1.8,0.4,0.6,0.5,2.9,3.4,1.5,0.6,0.3,1.1,1.7,11.2,70,2021
2114,Dillon Brooks,SF,25,MEM,67,29.8,6.4,15.4,1.9,5.6,4.5,9.8,2.4,2.9,0.8,2.1,2.9,2.3,1.2,0.4,1.8,3.5,17.2,71,2021
2115,Bruce Brown,PG,24,BRK,65,22.3,3.6,6.5,0.3,0.9,3.4,5.6,1.3,1.8,1.7,3.7,5.4,1.6,0.9,0.4,0.8,2.2,8.8,72,2021
2116,Charlie Brown,SG,23,OKC,9,16.9,1.4,4.8,0.6,2.3,0.9,2.4,1.0,1.1,0.3,1.6,1.9,1.0,0.4,0.2,0.7,2.1,4.4,73,2021
2117,Jaylen Brown,SG,24,BOS,58,34.5,9.3,19.2,2.8,7.1,6.5,12.1,3.3,4.3,1.2,4.8,6.0,3.4,1.2,0.6,2.7,2.9,24.7,74,2021
2118,Moses Brown,C,21,OKC,43,21.4,3.4,6.2,0.0,0.0,3.4,6.2,1.8,2.9,3.6,5.3,8.9,0.2,0.7,1.1,1.0,2.2,8.6,75,2021
2119,Sterling Brown,SG,25,HOU,51,24.1,2.9,6.6,1.8,4.2,1.2,2.4,0.5,0.6,0.7,3.6,4.4,1.4,0.7,0.2,0.8,1.9,8.2,76,2021
2120,Troy Brown Jr.,SF,21,TOT,34,15.4,1.8,4.2,0.6,2.1,1.2,2.2,0.4,0.6,0.6,2.5,3.1,0.9,0.3,0.2,0.6,1.4,4.7,77,2021
2121,Troy Brown Jr.,SF,21,WAS,21,13.7,1.6,4.2,0.7,2.2,0.9,2.0,0.5,0.7,0.5,2.4,2.9,0.9,0.1,0.2,0.8,1.4,4.3,77,2021
2122,Troy Brown Jr.,SF,21,CHI,13,18.2,2.2,4.2,0.6,1.8,1.6,2.4,0.4,0.5,0.7,2.7,3.4,0.8,0.5,0.2,0.4,1.5,5.5,77,2021
2123,Jalen Brunson,PG,24,DAL,68,25.0,4.8,9.2,1.2,2.9,3.6,6.3,1.8,2.2,0.4,3.0,3.4,3.5,0.5,0.0,1.2,1.6,12.6,78,2021
2124,Elijah Bryant,SG,25,MIL,1,32.0,6.0,13.0,1.0,5.0,5.0,8.0,3.0,3.0,2.0,4.0,6.0,3.0,0.0,1.0,4.0,4.0,16.0,79,2021
2125,Thomas Bryant,C,23,WAS,10,27.1,5.9,9.1,0.9,2.1,5.0,7.0,1.6,2.4,1.8,4.3,6.1,1.5,0.4,0.8,1.1,3.1,14.3,80,2021
2126,Reggie Bullock,SF,29,NYK,65,30.0,3.8,8.6,2.5,6.1,1.3,2.5,0.8,0.8,0.2,3.2,3.4,1.5,0.8,0.2,0.7,2.2,10.9,81,2021
2127,Trey Burke,PG,28,DAL,62,14.7,2.4,5.7,0.9,2.6,1.5,3.0,0.8,0.9,0.2,0.7,0.9,1.3,0.6,0.1,0.5,1.0,6.6,82,2021
2128,Alec Burks,SG,29,NYK,49,25.6,4.3,10.2,2.1,5.0,2.2,5.2,2.1,2.4,0.4,4.2,4.6,2.2,0.6,0.3,1.0,2.1,12.7,83,2021
2129,Jimmy Butler,SF,31,MIA,52,33.6,7.0,14.2,0.5,2.0,6.6,12.2,6.9,8.0,1.8,5.1,6.9,7.1,2.1,0.3,2.1,1.4,21.5,84,2021
2130,Bruno Caboclo,PF,25,HOU,6,6.0,1.3,2.8,0.0,0.8,1.3,2.0,0.2,0.3,0.5,1.8,2.3,0.2,0.0,0.3,0.7,1.0,2.8,85,2021
2131,Devontae Cacok,PF,24,LAL,20,4.9,0.9,1.5,0.0,0.0,0.9,1.5,0.3,0.6,0.6,1.0,1.6,0.1,0.3,0.2,0.3,0.4,2.0,86,2021
2132,Kentavious Caldwell-Pope,SG,27,LAL,67,28.4,3.3,7.6,1.8,4.4,1.5,3.2,1.4,1.7,0.4,2.3,2.7,1.9,0.9,0.4,1.0,1.7,9.7,87,2021
2133,Facundo Campazzo,PG,29,DEN,65,21.9,1.8,4.8,1.2,3.3,0.7,1.5,1.2,1.4,0.3,1.7,2.1,3.6,1.2,0.2,1.1,2.0,6.1,88,2021
2134,Vlatko Čančar,PF,23,DEN,41,6.9,0.8,1.8,0.2,0.8,0.6,1.0,0.2,0.3,0.3,1.0,1.2,0.3,0.3,0.0,0.3,0.4,2.1,89,2021
2135,Devin Cannady,PG,24,ORL,8,9.3,1.4,3.5,0.8,2.0,0.6,1.5,0.8,0.9,0.0,0.6,0.6,0.1,0.6,0.1,0.3,1.1,4.3,90,2021
2136,Clint Capela,C,26,ATL,63,30.1,6.6,11.0,0.0,0.0,6.6,11.0,2.1,3.6,4.7,9.6,14.3,0.8,0.7,2.0,1.2,2.3,15.2,91,2021
2137,Vernon Carey Jr.,C,19,CHO,19,6.1,0.9,1.9,0.1,0.4,0.9,1.5,0.5,0.6,0.3,1.1,1.4,0.1,0.1,0.3,0.3,0.7,2.4,92,2021
2138,Jevon Carter,PG,25,PHO,60,12.0,1.6,3.7,0.9,2.5,0.6,1.2,0.1,0.1,0.3,1.3,1.5,1.2,0.5,0.2,0.3,0.9,4.1,93,2021
2139,Wendell Carter Jr.,C,21,TOT,54,25.5,4.3,8.5,0.3,0.9,4.0,7.5,2.4,3.3,2.4,5.8,8.2,1.9,0.6,0.8,1.4,2.7,11.2,94,2021
2140,Wendell Carter Jr.,C,21,CHI,32,24.8,4.0,7.9,0.3,0.7,3.8,7.2,2.6,3.5,2.2,5.6,7.8,2.2,0.6,0.8,1.5,3.0,10.9,94,2021
2141,Wendell Carter Jr.,C,21,ORL,22,26.5,4.6,9.3,0.3,1.3,4.3,8.0,2.2,3.1,2.8,6.0,8.8,1.6,0.8,0.8,1.3,2.3,11.7,94,2021
2142,Michael Carter-Williams,SG,29,ORL,31,25.8,3.4,8.7,0.5,2.0,2.9,6.7,1.6,2.6,1.3,3.2,4.5,4.2,0.8,0.5,2.2,2.6,8.8,95,2021
2143,Alex Caruso,PG,26,LAL,58,21.0,2.3,5.3,0.9,2.4,1.3,2.9,0.8,1.3,0.5,2.4,2.9,2.8,1.1,0.3,1.3,1.9,6.4,96,2021
2144,Willie Cauley-Stein,C,27,DAL,53,17.1,2.2,3.4,0.0,0.2,2.2,3.2,0.9,1.5,1.2,3.2,4.5,0.7,0.4,0.8,0.5,2.4,5.3,97,2021
2145,Chris Chiozza,PG,25,BRK,22,10.5,1.4,4.0,0.6,1.9,0.8,2.1,0.6,0.8,0.1,1.0,1.1,3.0,0.3,0.3,0.7,0.9,4.0,98,2021
2146,Marquese Chriss,PF,23,GSW,2,13.5,2.5,7.0,0.5,2.5,2.0,4.5,1.0,2.0,1.5,5.0,6.5,1.0,0.0,1.0,1.0,1.5,6.5,99,2021
2147,Gary Clark,SF-PF,26,TOT,39,16.8,1.0,3.4,0.8,2.8,0.2,0.6,0.2,0.3,0.8,2.1,2.9,0.8,0.3,0.2,0.4,0.9,3.1,100,2021
2148,Gary Clark,SF,26,ORL,35,18.2,1.1,3.7,0.9,3.1,0.3,0.7,0.2,0.3,0.9,2.3,3.2,0.9,0.3,0.2,0.5,1.0,3.4,100,2021
2149,Gary Clark,SF,26,DEN,2,2.0,0.0,0.0,0.0,0.0,0.0,0.0,0.0,0.0,0.0,0.5,0.5,0.0,0.0,0.0,0.0,0.0,0.0,100,2021
2150,Gary Clark,PF,26,PHI,2,6.5,0.0,0.5,0.0,0.0,0.0,0.5,0.0,0.0,0.0,1.0,1.0,0.5,0.5,0.0,0.0,0.5,0.0,100,2021
2151,Brandon Clarke,PF,24,MEM,59,24.0,4.3,8.4,0.3,1.3,4.0,7.1,1.3,1.9,1.6,3.9,5.6,1.6,1.0,0.9,0.6,1.4,10.3,101,2021
2152,Jordan Clarkson,SG,28,UTA,68,26.7,6.7,15.8,3.1,8.8,3.7,7.0,1.9,2.1,0.7,3.3,4.0,2.5,0.9,0.1,1.7,1.6,18.4,102,2021
2153,Nicolas Claxton,C,21,BRK,32,18.6,2.8,4.5,0.0,0.2,2.8,4.4,1.0,2.0,1.3,3.8,5.2,0.9,0.7,1.3,0.6,2.1,6.6,103,2021
2154,Amir Coffey,SG,23,LAC,44,9.0,1.0,2.3,0.5,1.3,0.5,1.1,0.6,0.9,0.2,0.8,1.0,0.5,0.2,0.0,0.3,0.7,3.2,104,2021
2155,John Collins,PF,23,ATL,63,29.3,6.8,12.2,1.3,3.3,5.5,8.9,2.7,3.2,1.9,5.5,7.4,1.2,0.5,1.0,1.3,3.1,17.6,105,2021
2156,Mike Conley,PG,33,UTA,51,29.4,5.6,12.5,2.7,6.6,2.9,6.0,2.4,2.8,0.7,2.8,3.5,6.0,1.4,0.2,1.9,1.9,16.2,106,2021
2157,Pat Connaughton,SG,28,MIL,69,22.8,2.4,5.6,1.5,3.9,1.0,1.7,0.4,0.6,0.9,3.9,4.8,1.2,0.7,0.3,0.5,1.4,6.8,107,2021
2158,Quinn Cook,PG,27,TOT,23,6.8,1.3,3.0,0.5,1.1,0.8,1.8,0.3,0.3,0.1,0.7,0.7,0.8,0.2,0.0,0.3,0.4,3.3,108,2021
2159,Quinn Cook,PG,27,LAL,16,3.9,0.8,1.6,0.3,0.8,0.4,0.8,0.3,0.3,0.0,0.3,0.3,0.3,0.1,0.1,0.2,0.1,2.1,108,2021
2160,Quinn Cook,PG,27,CLE,7,13.6,2.4,6.0,0.9,1.9,1.6,4.1,0.4,0.4,0.3,1.4,1.7,1.9,0.4,0.0,0.6,1.1,6.1,108,2021
2161,Tyler Cook,SF-PF,23,TOT,32,13.7,2.2,3.2,0.0,0.1,2.1,3.2,0.5,1.1,0.9,2.1,3.0,0.5,0.3,0.1,0.7,1.1,4.9,109,2021
2162,Tyler Cook,PF,23,BRK,4,4.3,0.3,0.8,0.0,0.0,0.3,0.8,0.0,0.0,0.3,0.3,0.5,0.5,0.0,0.0,0.3,0.5,0.5,109,2021
2163,Tyler Cook,SF,23,DET,28,15.0,2.4,3.6,0.0,0.1,2.4,3.5,0.6,1.3,1.0,2.4,3.3,0.5,0.3,0.1,0.7,1.2,5.5,109,2021
2164,DeMarcus Cousins,C,30,TOT,41,17.4,3.2,7.4,1.1,3.3,2.0,4.1,1.4,2.0,1.3,5.1,6.4,1.9,0.8,0.6,1.6,2.6,8.9,110,2021
2165,DeMarcus Cousins,C,30,HOU,25,20.2,3.2,8.4,1.6,4.6,1.6,3.8,1.8,2.4,1.2,6.4,7.6,2.4,0.8,0.7,1.6,3.0,9.6,110,2021
2166,DeMarcus Cousins,C,30,LAC,16,12.9,3.2,5.9,0.5,1.2,2.7,4.8,0.9,1.4,1.4,3.1,4.5,1.0,0.8,0.4,1.6,2.1,7.8,110,2021
2167,Robert Covington,PF,30,POR,70,32.0,2.9,7.3,1.9,5.1,1.0,2.2,0.7,0.9,0.9,5.8,6.7,1.7,1.4,1.2,0.9,2.8,8.5,111,2021
2168,Torrey Craig,SF,30,TOT,50,16.1,2.2,4.5,0.8,2.1,1.4,2.4,0.3,0.4,1.1,2.8,3.9,1.0,0.6,0.5,0.5,1.7,5.5,112,2021
2169,Torrey Craig,SF,30,MIL,18,11.2,1.0,2.6,0.4,1.2,0.6,1.3,0.1,0.1,0.7,1.7,2.4,0.9,0.5,0.4,0.3,1.3,2.5,112,2021
2170,Torrey Craig,SF,30,PHO,32,18.8,2.8,5.7,1.0,2.6,1.9,3.0,0.5,0.6,1.4,3.4,4.8,1.0,0.6,0.6,0.6,1.8,7.2,112,2021
2171,Jae Crowder,PF,30,PHO,60,27.5,3.3,8.2,2.5,6.3,0.9,1.9,1.0,1.3,0.5,4.2,4.7,2.1,0.8,0.5,0.9,2.1,10.1,113,2021
2172,Jarrett Culver,SG,21,MIN,34,14.7,2.0,4.9,0.4,1.6,1.6,3.4,0.9,1.4,1.0,2.1,3.1,0.7,0.5,0.3,0.8,1.7,5.3,114,2021
2173,Seth Curry,SG,30,PHI,57,28.7,4.5,9.7,2.2,4.9,2.3,4.8,1.2,1.4,0.2,2.2,2.4,2.7,0.8,0.1,1.1,1.7,12.5,115,2021
2174,Stephen Curry,PG,32,GSW,63,34.2,10.4,21.7,5.3,12.7,5.1,9.0,5.7,6.3,0.5,5.0,5.5,5.8,1.2,0.1,3.4,1.9,32.0,116,2021
2175,Nate Darling,SG,22,CHO,7,3.7,0.3,1.0,0.3,1.0,0.0,0.0,0.4,0.4,0.1,0.0,0.1,0.1,0.0,0.1,0.1,0.1,1.3,117,2021
2176,Anthony Davis,PF,27,LAL,36,32.3,8.4,17.0,0.7,2.8,7.6,14.3,4.4,5.9,1.7,6.2,7.9,3.1,1.3,1.6,2.1,1.7,21.8,118,2021
2177,Ed Davis,C,31,MIN,23,13.0,0.8,1.9,0.0,0.0,0.8,1.9,0.4,0.5,2.0,3.0,5.0,0.9,0.6,0.6,0.3,2.4,2.1,119,2021
2178,Terence Davis,SG,23,TOT,61,17.6,3.2,7.5,1.6,4.4,1.6,3.1,0.7,0.9,0.3,2.2,2.5,1.4,0.7,0.2,1.0,1.6,8.7,120,2021
2179,Terence Davis,SG,23,TOR,34,14.5,2.6,6.2,1.3,3.6,1.3,2.6,0.5,0.5,0.3,1.7,1.9,1.1,0.5,0.2,0.9,1.4,6.9,120,2021
2180,Terence Davis,SG,23,SAC,27,21.5,4.0,9.1,2.0,5.4,2.0,3.7,1.1,1.4,0.4,2.9,3.3,1.7,1.0,0.3,1.3,1.8,11.1,120,2021
2181,Gabriel Deck,PF,25,OKC,10,21.2,3.2,6.7,0.2,1.5,3.0,5.2,1.8,2.2,1.6,2.4,4.0,2.4,0.8,0.0,0.6,0.9,8.4,121,2021
2182,Dewayne Dedmon,C,31,MIA,16,13.1,2.9,4.1,0.1,0.3,2.8,3.8,1.3,1.7,1.8,3.6,5.4,0.8,0.6,0.4,0.8,2.3,7.1,122,2021
2183,Matthew Dellavedova,PG,30,CLE,13,17.2,1.1,4.3,0.3,1.9,0.8,2.4,0.3,0.3,0.5,1.4,1.8,4.5,0.3,0.1,0.5,1.6,2.8,123,2021
2184,DeMar DeRozan,PF,31,SAS,61,33.7,7.5,15.1,0.3,1.2,7.1,13.9,6.3,7.2,0.7,3.6,4.2,6.9,0.9,0.2,2.0,2.1,21.6,124,2021
2185,Mamadi Diakite,PF,24,MIL,14,10.1,1.1,2.9,0.1,0.6,1.1,2.3,0.8,1.0,0.6,1.9,2.4,0.6,0.5,0.4,0.2,1.1,3.1,125,2021
2186,Hamidou Diallo,SG-SF,22,TOT,52,23.6,4.3,9.0,0.5,1.6,3.8,7.5,2.5,3.8,1.1,4.1,5.2,1.9,0.8,0.5,1.5,2.6,11.6,126,2021
2187,Hamidou Diallo,SG,22,OKC,32,23.8,4.5,9.3,0.4,1.3,4.1,8.0,2.6,4.1,1.2,4.0,5.2,2.4,1.0,0.4,1.5,2.6,11.9,126,2021
2188,Hamidou Diallo,SF,22,DET,20,23.3,4.1,8.7,0.8,2.1,3.3,6.6,2.3,3.4,1.1,4.3,5.4,1.2,0.5,0.6,1.4,2.6,11.2,126,2021
2189,Gorgui Dieng,C,31,TOT,38,14.5,2.2,4.3,0.8,1.8,1.4,2.4,1.5,1.8,1.1,2.6,3.7,1.3,0.7,0.4,0.8,1.5,6.8,127,2021
2190,Gorgui Dieng,C,31,MEM,22,16.9,2.5,4.9,1.0,2.2,1.5,2.7,1.7,2.0,1.3,3.2,4.5,1.3,0.8,0.6,1.0,1.7,7.9,127,2021
2191,Gorgui Dieng,C,31,SAS,16,11.3,1.8,3.4,0.4,1.4,1.4,2.1,1.3,1.5,0.8,1.9,2.6,1.2,0.6,0.1,0.6,1.1,5.3,127,2021
2192,Spencer Dinwiddie,SG,27,BRK,3,21.3,2.0,5.3,0.7,2.3,1.3,3.0,2.0,2.0,0.0,4.3,4.3,3.0,0.7,0.3,1.7,1.3,6.7,128,2021
2193,Donte DiVincenzo,SG,24,MIL,66,27.5,3.8,9.1,2.0,5.2,1.8,3.9,0.8,1.1,1.2,4.5,5.8,3.1,1.1,0.2,1.4,1.7,10.4,129,2021
2194,Luka Dončić,PG,21,DAL,66,34.3,9.8,20.5,2.9,8.3,6.9,12.2,5.2,7.1,0.8,7.2,8.0,8.6,1.0,0.5,4.3,2.3,27.7,130,2021
2195,Luguentz Dort,SG,21,OKC,52,29.7,4.8,12.3,2.2,6.3,2.6,6.0,2.3,3.2,0.7,2.9,3.6,1.7,0.9,0.4,1.5,2.6,14.0,131,2021
2196,Damyean Dotson,SG,26,CLE,46,19.7,2.6,6.4,1.0,3.5,1.6,2.9,0.5,0.8,0.1,1.9,2.0,2.0,0.3,0.1,0.9,0.9,6.7,132,2021
2197,Devon Dotson,PG,21,CHI,11,4.5,1.0,1.9,0.1,0.6,0.9,1.3,0.0,0.0,0.2,0.3,0.5,0.6,0.4,0.0,0.0,0.3,2.1,133,2021
2198,Sekou Doumbouya,PF,20,DET,56,15.5,1.9,5.0,0.5,2.1,1.4,3.0,0.8,1.1,0.7,1.9,2.6,0.8,0.4,0.2,0.8,1.7,5.1,134,2021
2199,PJ Dozier,SG,24,DEN,50,21.8,3.0,7.1,0.9,3.0,2.0,4.1,0.8,1.3,0.7,2.9,3.6,1.8,0.6,0.4,0.9,1.7,7.7,135,2021
2200,Goran Dragić,PG,34,MIA,50,26.7,4.8,11.1,1.8,4.9,3.0,6.2,2.0,2.4,0.5,2.9,3.4,4.4,0.7,0.2,2.4,2.3,13.4,136,2021
2201,Andre Drummond,C,27,TOT,46,27.0,6.1,12.4,0.0,0.2,6.1,12.3,2.7,4.5,3.6,8.4,12.0,2.0,1.4,1.1,2.7,3.2,14.9,137,2021
2202,Andre Drummond,C,27,CLE,25,28.9,7.2,15.2,0.0,0.3,7.2,14.9,3.1,5.2,4.0,9.4,13.5,2.6,1.6,1.2,3.2,2.8,17.5,137,2021
2203,Andre Drummond,C,27,LAL,21,24.8,4.9,9.1,0.0,0.0,4.9,9.1,2.2,3.6,3.1,7.1,10.2,1.4,1.1,1.0,2.0,3.8,11.9,137,2021
2204,Jared Dudley,PF,35,LAL,12,6.8,0.2,0.8,0.2,0.5,0.0,0.3,0.0,0.0,0.3,1.4,1.8,0.4,0.1,0.1,0.2,0.6,0.5,138,2021
2205,Kris Dunn,PG,26,ATL,4,11.3,0.3,3.0,0.0,0.5,0.3,2.5,0.8,1.0,0.0,1.5,1.5,0.5,0.5,0.5,0.8,2.5,1.3,139,2021
2206,Kevin Durant,PF,32,BRK,35,33.1,9.3,17.2,2.4,5.4,6.8,11.8,6.0,6.8,0.4,6.7,7.1,5.6,0.7,1.3,3.4,2.0,26.9,140,2021
2207,Anthony Edwards,SG,19,MIN,72,32.1,7.0,16.8,2.4,7.2,4.6,9.6,2.9,3.8,0.8,3.8,4.7,2.9,1.1,0.5,2.2,1.8,19.3,141,2021
2208,Carsen Edwards,SG,22,BOS,31,8.9,1.5,3.6,0.6,2.0,0.9,1.5,0.4,0.4,0.1,0.7,0.8,0.5,0.2,0.0,0.2,0.8,4.0,142,2021
2209,CJ Elleby,SF,20,POR,30,6.4,0.8,2.2,0.2,1.1,0.6,1.1,0.4,0.5,0.4,0.7,1.1,0.3,0.2,0.1,0.2,0.9,2.3,143,2021
2210,Henry Ellenson,PF,24,TOR,2,19.0,2.5,7.0,1.0,4.5,1.5,2.5,1.5,2.0,1.5,4.5,6.0,2.5,0.0,0.0,0.0,3.5,7.5,144,2021
2211,Wayne Ellington,SG,33,DET,46,22.0,3.2,7.3,2.5,6.0,0.7,1.4,0.6,0.8,0.3,1.6,1.8,1.5,0.4,0.2,0.7,1.3,9.6,145,2021
2212,Joel Embiid,C,26,PHI,51,31.1,9.0,17.6,1.1,3.0,7.9,14.6,9.2,10.7,2.2,8.4,10.6,2.8,1.0,1.4,3.1,2.4,28.5,146,2021
2213,James Ennis,SF,30,ORL,41,24.0,2.8,5.9,1.1,2.5,1.7,3.4,1.7,2.1,1.0,3.0,4.0,1.5,0.8,0.2,0.9,2.0,8.4,147,2021
2214,Drew Eubanks,C,23,SAS,54,14.0,2.1,3.8,0.0,0.0,2.1,3.8,1.4,2.0,1.4,3.1,4.5,0.8,0.3,0.9,0.8,1.6,5.8,148,2021
2215,Dante Exum,SG,25,CLE,6,19.3,1.7,4.3,0.3,1.8,1.3,2.5,0.2,0.3,0.3,2.5,2.8,2.2,0.7,0.3,1.2,1.5,3.8,149,2021
2216,Tacko Fall,C,25,BOS,19,7.2,1.1,1.5,0.0,0.0,1.1,1.5,0.3,0.8,0.8,1.9,2.7,0.2,0.1,1.1,0.3,1.2,2.5,150,2021
2217,Derrick Favors,C,29,UTA,68,15.3,2.3,3.6,0.0,0.0,2.3,3.5,0.9,1.2,2.0,3.5,5.5,0.6,0.5,1.0,0.5,2.1,5.4,151,2021
2218,Cristiano Felício,C,28,CHI,18,4.7,0.4,0.7,0.0,0.1,0.4,0.6,0.5,0.9,0.6,0.9,1.4,0.5,0.2,0.0,0.2,0.6,1.3,152,2021
2219,Terrance Ferguson,SG,22,PHI,13,3.8,0.1,0.5,0.0,0.4,0.1,0.2,0.0,0.0,0.0,0.1,0.1,0.2,0.1,0.0,0.3,0.5,0.2,153,2021
2220,Bruno Fernando,C,22,ATL,33,6.8,0.5,1.3,0.0,0.1,0.5,1.3,0.5,0.7,0.5,1.9,2.4,0.3,0.1,0.1,0.6,0.7,1.5,154,2021
2221,Yogi Ferrell,PG,27,TOT,10,13.6,2.0,5.7,0.9,2.8,1.1,2.9,0.7,0.9,0.5,1.4,1.9,2.2,0.7,0.3,0.3,1.1,5.6,155,2021
2222,Yogi Ferrell,PG,27,CLE,2,20.0,4.0,10.5,1.5,4.5,2.5,6.0,0.0,1.0,1.5,2.0,3.5,2.5,1.5,0.5,1.5,2.0,9.5,155,2021
2223,Yogi Ferrell,PG,27,LAC,8,12.0,1.5,4.5,0.8,2.4,0.8,2.1,0.9,0.9,0.3,1.3,1.5,2.1,0.5,0.3,0.0,0.9,4.6,155,2021
2224,Dorian Finney-Smith,PF,27,DAL,60,32.0,3.7,7.8,2.0,5.0,1.7,2.7,0.5,0.7,1.6,3.8,5.4,1.7,0.9,0.4,0.8,2.3,9.8,156,2021
2225,Malik Fitts,PF,23,LAC,3,3.7,0.3,1.0,0.3,0.7,0.0,0.3,0.0,0.0,0.0,1.0,1.0,0.0,0.0,0.0,0.0,1.0,1.0,157,2021
2226,Malachi Flynn,PG,22,TOR,47,19.7,2.7,7.2,1.1,3.6,1.6,3.7,1.0,1.2,0.2,2.3,2.5,2.9,0.8,0.1,0.9,1.4,7.5,158,2021
2227,Bryn Forbes,SG,27,MIL,70,19.3,3.6,7.6,2.2,4.9,1.4,2.7,0.7,0.9,0.2,1.4,1.6,0.6,0.3,0.0,0.6,1.1,10.0,159,2021
2228,Trent Forrest,PG,22,UTA,30,10.1,1.1,2.4,0.2,0.9,0.9,1.5,0.6,0.6,0.4,1.1,1.5,1.5,0.3,0.1,0.7,0.7,2.9,160,2021
2229,Evan Fournier,SF-SG,28,TOT,42,30.0,5.9,12.9,2.8,6.7,3.1,6.1,2.6,3.3,0.2,2.8,3.0,3.4,1.1,0.5,1.7,2.3,17.1,161,2021
2230,Evan Fournier,SF,28,ORL,26,30.3,6.5,14.2,2.8,7.2,3.7,7.0,3.8,4.7,0.2,2.7,2.9,3.7,1.0,0.3,2.1,2.1,19.7,161,2021
2231,Evan Fournier,SG,28,BOS,16,29.5,4.8,10.8,2.8,5.9,2.1,4.8,0.6,0.9,0.3,3.0,3.3,3.1,1.3,0.6,1.2,2.6,13.0,161,2021
2232,De'Aaron Fox,PG,23,SAC,58,35.1,9.1,19.1,1.8,5.5,7.3,13.6,5.2,7.2,0.6,2.9,3.5,7.2,1.5,0.5,3.0,2.9,25.2,162,2021
2233,Robert Franks,PF,24,ORL,7,14.4,1.9,4.0,0.7,2.1,1.1,1.9,1.7,1.9,0.9,1.1,2.0,0.7,0.4,0.4,0.3,1.1,6.1,163,2021
2234,Tim Frazier,PG,30,MEM,5,12.4,0.6,4.0,0.0,1.6,0.6,2.4,0.4,1.2,0.0,1.6,1.6,3.2,0.4,0.2,0.8,1.4,1.6,164,2021
2235,Markelle Fultz,PG,22,ORL,8,26.9,5.1,13.0,0.5,2.0,4.6,11.0,2.1,2.4,0.6,2.5,3.1,5.4,1.0,0.3,2.3,2.3,12.9,165,2021
2236,Wenyen Gabriel,PF,23,NOP,21,11.5,1.1,2.9,0.6,1.5,0.5,1.3,0.5,0.8,1.0,1.6,2.6,0.5,0.4,0.4,0.7,1.5,3.4,166,2021
2237,Daniel Gafford,PF-C,22,TOT,54,14.6,2.9,4.2,0.0,0.0,2.9,4.2,1.3,2.0,1.7,2.5,4.3,0.5,0.5,1.4,0.8,1.8,7.0,167,2021
2238,Daniel Gafford,PF,22,CHI,31,12.4,1.9,2.8,0.0,0.0,1.9,2.8,0.9,1.3,1.4,1.9,3.3,0.5,0.4,1.1,0.7,1.7,4.7,167,2021
2239,Daniel Gafford,C,22,WAS,23,17.7,4.1,6.0,0.0,0.0,4.1,6.0,2.0,2.9,2.2,3.4,5.6,0.5,0.7,1.8,0.8,1.9,10.1,167,2021
2240,Danilo Gallinari,PF,32,ATL,51,24.0,4.0,9.3,2.0,5.0,2.0,4.3,3.2,3.4,0.3,3.8,4.1,1.5,0.6,0.2,0.8,2.1,13.3,168,2021
2241,Langston Galloway,SG,29,PHO,40,11.0,1.7,3.7,0.9,2.1,0.8,1.6,0.6,0.6,0.2,0.9,1.1,0.7,0.2,0.0,0.3,0.6,4.8,169,2021
2242,Darius Garland,PG,21,CLE,54,33.1,6.7,14.9,1.9,4.9,4.8,9.9,2.1,2.4,0.4,2.0,2.4,6.1,1.2,0.1,3.0,2.0,17.4,170,2021
2243,Marc Gasol,C,36,LAL,52,19.1,1.7,3.7,1.0,2.3,0.7,1.4,0.7,1.0,0.7,3.4,4.1,2.1,0.5,1.1,1.0,2.2,5.0,171,2021
2244,Rudy Gay,PF,34,SAS,63,21.6,4.2,10.0,1.7,4.4,2.5,5.6,1.3,1.6,0.7,4.1,4.8,1.4,0.7,0.6,1.0,1.8,11.4,172,2021
2245,Paul George,SF,30,LAC,54,33.7,8.2,17.6,3.2,7.7,5.1,9.9,3.7,4.2,0.8,5.8,6.6,5.2,1.1,0.4,3.3,2.4,23.3,173,2021
2246,Taj Gibson,PF,35,NYK,45,20.8,2.2,3.5,0.1,0.3,2.1,3.2,0.9,1.2,2.2,3.4,5.6,0.8,0.7,1.1,0.5,2.2,5.4,174,2021
2247,Harry Giles,C,22,POR,38,9.2,1.1,2.6,0.2,0.6,0.9,1.9,0.4,0.7,0.8,2.7,3.5,0.8,0.2,0.3,0.5,1.4,2.8,175,2021
2248,Shai Gilgeous-Alexander,SG,22,OKC,35,33.7,8.2,16.1,2.0,4.9,6.2,11.3,5.3,6.5,0.5,4.2,4.7,5.9,0.8,0.7,3.0,2.0,23.7,176,2021
2249,Anthony Gill,PF,28,WAS,26,8.4,1.2,2.3,0.3,0.9,0.9,1.4,0.5,0.6,0.6,1.3,2.0,0.4,0.4,0.2,0.3,1.0,3.1,177,2021
2250,Freddie Gillespie,PF,23,TOR,20,19.6,2.2,4.2,0.0,0.0,2.2,4.2,1.2,1.7,2.1,2.8,4.9,0.5,0.7,1.0,0.6,2.2,5.6,178,2021
2251,Rudy Gobert,C,28,UTA,71,30.8,5.5,8.2,0.0,0.1,5.5,8.1,3.3,5.3,3.4,10.1,13.5,1.3,0.6,2.7,1.7,2.3,14.3,179,2021
2252,Brandon Goodwin,PG,25,ATL,47,13.2,1.8,4.7,0.7,2.2,1.1,2.6,0.6,0.9,0.2,1.3,1.5,2.0,0.4,0.0,0.8,0.9,4.9,180,2021
2253,Aaron Gordon,PF,25,TOT,50,27.7,4.6,10.0,1.2,3.5,3.4,6.5,1.9,3.0,1.5,4.1,5.7,3.2,0.7,0.7,1.9,1.8,12.4,181,2021
2254,Aaron Gordon,PF,25,ORL,25,29.4,5.1,11.7,1.7,4.5,3.4,7.2,2.6,4.2,1.6,5.1,6.6,4.2,0.6,0.8,2.7,2.0,14.6,181,2021
2255,Aaron Gordon,PF,25,DEN,25,25.9,4.1,8.2,0.7,2.6,3.4,5.7,1.2,1.8,1.5,3.2,4.7,2.2,0.7,0.6,1.2,1.6,10.2,181,2021
2256,Eric Gordon,SG,32,HOU,27,29.2,5.9,13.6,2.6,7.8,3.3,5.8,3.5,4.2,0.3,1.9,2.1,2.6,0.5,0.5,1.9,1.6,17.8,182,2021
2257,Devonte' Graham,PG,25,CHO,55,30.2,4.6,12.2,3.3,8.7,1.3,3.5,2.4,2.9,0.4,2.3,2.7,5.4,0.9,0.1,1.5,1.4,14.8,183,2021
2258,Jerami Grant,SF,26,DET,54,33.9,7.4,17.3,2.1,6.1,5.3,11.2,5.4,6.4,0.6,4.0,4.6,2.8,0.6,1.1,2.0,2.3,22.3,184,2021
2259,Danny Green,SF,33,PHI,69,28.0,3.2,7.9,2.5,6.3,0.7,1.6,0.4,0.6,0.8,3.0,3.8,1.7,1.3,0.8,1.0,1.8,9.5,185,2021
2260,Draymond Green,PF,30,GSW,63,31.5,2.7,6.0,0.5,2.0,2.2,4.0,1.1,1.4,0.9,6.3,7.1,8.9,1.7,0.8,3.0,3.1,7.0,186,2021
2261,JaMychal Green,PF,30,DEN,58,19.3,3.0,6.4,1.4,3.4,1.6,3.0,0.8,1.0,1.5,3.3,4.8,0.9,0.4,0.4,0.9,2.5,8.1,187,2021
2262,Javonte Green,SG-PG,27,TOT,41,11.5,1.3,2.5,0.2,0.7,1.0,1.8,0.7,1.0,0.6,1.1,1.7,0.4,0.7,0.1,0.5,1.1,3.6,188,2021
2263,Javonte Green,SG,27,BOS,25,13.8,1.6,2.8,0.3,0.9,1.3,2.0,0.8,1.2,0.8,1.3,2.1,0.4,0.7,0.1,0.5,1.3,4.2,188,2021
2264,Javonte Green,PG,27,CHI,16,8.0,0.9,1.9,0.2,0.5,0.7,1.4,0.6,0.6,0.4,0.8,1.2,0.4,0.6,0.3,0.4,0.8,2.6,188,2021
2265,Jeff Green,C,34,BRK,68,27.0,3.8,7.8,1.5,3.7,2.3,4.1,1.8,2.4,0.5,3.4,3.9,1.6,0.5,0.4,0.8,1.8,11.0,189,2021
2266,Josh Green,SG,20,DAL,39,11.4,1.1,2.4,0.1,0.6,1.0,1.7,0.3,0.6,0.7,1.3,2.0,0.7,0.4,0.1,0.4,0.9,2.6,190,2021
2267,Blake Griffin,PF,31,TOT,46,25.8,3.8,8.9,1.5,4.5,2.3,4.5,1.9,2.5,0.8,4.1,4.9,3.0,0.7,0.3,1.3,2.4,11.0,191,2021
2268,Blake Griffin,PF,31,DET,20,31.3,4.1,11.1,2.0,6.2,2.1,4.9,2.2,3.1,0.4,4.9,5.2,3.9,0.7,0.1,1.6,2.1,12.3,191,2021
2269,Blake Griffin,PF,31,BRK,26,21.5,3.6,7.3,1.2,3.1,2.4,4.2,1.7,2.1,1.1,3.6,4.7,2.4,0.7,0.5,1.2,2.7,10.0,191,2021
2270,Kyle Guy,PG,23,SAC,31,7.6,0.9,2.8,0.4,1.5,0.5,1.4,0.5,0.6,0.2,1.0,1.1,1.0,0.2,0.0,0.4,0.6,2.8,192,2021
2271,Rui Hachimura,PF,22,WAS,57,31.5,5.4,11.4,0.8,2.4,4.6,9.0,2.2,2.8,0.9,4.6,5.5,1.4,0.8,0.1,1.2,2.1,13.8,193,2021
2272,Ashton Hagans,PG,21,MIN,2,2.0,0.0,0.0,0.0,0.0,0.0,0.0,0.0,0.0,0.0,0.0,0.0,0.0,0.0,0.0,0.5,0.0,0.0,194,2021
2273,Tyrese Haliburton,PG,20,SAC,58,30.1,5.0,10.7,2.1,5.1,2.9,5.6,0.8,1.0,0.7,2.3,3.0,5.3,1.3,0.5,1.6,1.4,13.0,195,2021
2274,Donta Hall,PF,23,ORL,13,13.8,1.9,2.7,0.0,0.0,1.9,2.7,1.8,2.6,1.8,2.9,4.8,0.8,0.4,0.8,0.6,1.4,5.6,196,2021
2275,Josh Hall,SF,20,OKC,21,16.0,1.4,4.7,0.2,1.8,1.2,3.0,1.0,2.1,0.3,2.5,2.8,1.3,0.2,0.0,1.2,1.8,4.1,197,2021
2276,R.J. Hampton,SG-PG,19,TOT,51,17.4,2.7,6.1,0.5,1.7,2.1,4.4,1.1,1.6,0.6,2.9,3.5,1.7,0.4,0.2,1.0,1.2,6.9,198,2021
2277,R.J. Hampton,PG,19,DEN,25,9.3,1.0,2.4,0.2,0.7,0.8,1.7,0.4,0.5,0.4,1.6,2.0,0.6,0.2,0.1,0.4,0.9,2.6,198,2021
2278,R.J. Hampton,SG,19,ORL,26,25.2,4.3,9.7,0.8,2.7,3.4,7.1,1.8,2.7,0.7,4.2,5.0,2.8,0.6,0.3,1.6,1.5,11.2,198,2021
2279,Tim Hardaway Jr.,SG,28,DAL,70,28.4,5.8,13.0,3.0,7.6,2.9,5.5,2.0,2.5,0.3,3.0,3.3,1.8,0.4,0.2,0.9,1.6,16.6,199,2021
2280,James Harden,PG-SG,31,TOT,44,36.6,7.8,16.7,2.8,7.6,5.0,9.1,6.3,7.3,0.8,7.1,7.9,10.8,1.2,0.8,4.0,2.3,24.6,200,2021
2281,James Harden,SG,31,HOU,8,36.3,7.5,16.9,3.1,9.0,4.4,7.9,6.6,7.5,0.6,4.5,5.1,10.4,0.9,0.8,4.3,1.8,24.8,200,2021
2282,James Harden,PG,31,BRK,36,36.6,7.8,16.6,2.7,7.3,5.2,9.4,6.3,7.3,0.8,7.7,8.5,10.9,1.3,0.8,4.0,2.4,24.6,200,2021
2283,Maurice Harkless,PF-SF,27,TOT,37,20.9,1.9,4.5,0.6,2.3,1.2,2.2,0.9,1.2,0.4,2.1,2.4,1.2,0.8,0.5,0.6,2.3,5.2,201,2021
2284,Maurice Harkless,SF,27,MIA,11,11.3,0.5,1.2,0.5,1.0,0.0,0.2,0.0,0.2,0.2,1.0,1.2,0.6,0.2,0.4,0.3,1.3,1.4,201,2021
2285,Maurice Harkless,PF,27,SAC,26,24.9,2.5,5.8,0.7,2.8,1.8,3.0,1.3,1.6,0.4,2.5,2.9,1.4,1.1,0.6,0.7,2.8,6.9,201,2021
2286,Jared Harper,PG,23,NYK,8,2.0,0.0,0.5,0.0,0.1,0.0,0.4,0.4,0.5,0.0,0.3,0.3,0.1,0.0,0.0,0.4,0.1,0.4,202,2021
2287,Montrezl Harrell,C,27,LAL,69,22.9,5.4,8.7,0.0,0.1,5.4,8.6,2.6,3.7,2.3,3.9,6.2,1.1,0.7,0.7,1.1,1.9,13.5,203,2021
2288,Gary Harris,SG,26,TOT,39,27.7,3.5,8.8,1.2,3.6,2.3,5.2,1.6,2.0,0.5,1.5,2.0,2.0,0.7,0.3,0.9,1.8,9.9,204,2021
2289,Gary Harris,SG,26,DEN,19,30.6,3.6,8.2,1.3,3.9,2.4,4.3,1.2,1.6,0.7,1.8,2.5,1.7,0.9,0.2,0.7,1.9,9.7,204,2021
2290,Gary Harris,SG,26,ORL,20,25.0,3.5,9.5,1.2,3.3,2.3,6.2,2.1,2.4,0.4,1.2,1.6,2.3,0.6,0.4,1.2,1.7,10.2,204,2021
2291,Jalen Harris,SG,22,TOR,13,13.2,2.8,5.5,1.3,2.8,1.5,2.8,0.5,0.7,0.2,1.2,1.4,1.3,0.6,0.0,1.1,1.2,7.4,205,2021
2292,Joe Harris,SF,29,BRK,69,31.0,5.2,10.2,3.1,6.4,2.1,3.8,0.7,0.9,0.6,3.0,3.6,1.9,0.7,0.2,0.9,2.0,14.1,206,2021
2293,Tobias Harris,PF,28,PHI,62,32.5,7.6,14.9,1.3,3.4,6.3,11.5,2.9,3.3,1.0,5.8,6.8,3.5,0.9,0.8,1.7,1.9,19.5,207,2021
2294,Shaquille Harrison,SG,27,TOT,34,9.8,0.8,2.3,0.1,0.5,0.7,1.8,0.5,0.6,0.2,1.2,1.4,0.7,0.5,0.1,0.3,1.0,2.1,208,2021
2295,Shaquille Harrison,SG,27,UTA,17,3.3,0.4,1.2,0.0,0.1,0.4,1.1,0.3,0.4,0.2,0.4,0.5,0.5,0.1,0.0,0.3,0.2,1.0,208,2021
2296,Shaquille Harrison,SG,27,DEN,17,16.3,1.2,3.4,0.2,0.8,1.0,2.6,0.8,0.9,0.2,2.1,2.3,0.9,0.9,0.3,0.4,1.8,3.3,208,2021
2297,Josh Hart,SF,25,NOP,47,28.7,3.2,7.3,1.3,4.1,1.9,3.2,1.5,1.9,1.1,6.9,8.0,2.3,0.8,0.3,1.0,2.4,9.2,209,2021
2298,Isaiah Hartenstein,C,22,TOT,46,12.2,2.0,3.7,0.0,0.1,2.0,3.6,1.0,1.5,1.4,2.5,3.9,1.2,0.4,0.8,1.0,2.3,5.1,210,2021
2299,Isaiah Hartenstein,C,22,DEN,30,9.1,1.4,2.7,0.0,0.0,1.4,2.7,0.7,1.2,1.3,1.5,2.8,0.5,0.4,0.7,0.7,2.0,3.5,210,2021
2300,Isaiah Hartenstein,C,22,CLE,16,17.9,3.3,5.7,0.1,0.4,3.2,5.3,1.5,2.2,1.6,4.4,6.0,2.5,0.5,1.2,1.4,2.8,8.3,210,2021
2301,Udonis Haslem,C,40,MIA,1,3.0,2.0,2.0,0.0,0.0,2.0,2.0,0.0,0.0,0.0,1.0,1.0,0.0,0.0,0.0,0.0,0.0,4.0,211,2021
2302,Jaxson Hayes,C,20,NOP,60,16.1,2.9,4.7,0.1,0.2,2.8,4.4,1.6,2.0,1.5,2.8,4.3,0.6,0.4,0.6,0.7,1.7,7.5,212,2021
2303,Killian Hayes,PG,19,DET,26,25.8,2.7,7.7,0.8,2.8,2.0,5.0,0.5,0.7,0.2,2.4,2.7,5.3,1.0,0.4,3.2,2.2,6.8,213,2021
2304,Gordon Hayward,SF,30,CHO,44,34.0,7.1,15.0,1.9,4.7,5.1,10.3,3.5,4.2,0.8,5.0,5.9,4.1,1.2,0.3,2.1,1.7,19.6,214,2021
2305,Juan Hernangómez,PF,25,MIN,52,17.3,2.5,5.8,1.1,3.2,1.4,2.5,1.2,1.9,0.9,3.1,3.9,0.7,0.4,0.1,0.5,1.0,7.2,215,2021
2306,Willy Hernangómez,C,26,NOP,47,18.0,3.2,5.7,0.0,0.2,3.2,5.5,1.3,2.0,2.5,4.6,7.1,1.1,0.5,0.5,0.7,1.4,7.8,216,2021
2307,Tyler Herro,SG,21,MIA,54,30.3,5.7,12.9,2.0,5.5,3.7,7.4,1.7,2.2,0.5,4.5,5.0,3.4,0.6,0.3,1.9,1.3,15.1,217,2021
2308,Buddy Hield,SG,28,SAC,71,34.3,5.7,14.0,4.0,10.2,1.7,3.8,1.2,1.5,0.4,4.3,4.7,3.6,0.9,0.4,1.8,2.5,16.6,218,2021
2309,George Hill,PG,34,TOT,30,22.4,3.2,6.6,1.0,2.7,2.1,3.9,1.3,1.7,0.5,1.5,2.0,2.4,0.8,0.2,1.0,1.0,8.7,219,2021
2310,George Hill,PG,34,OKC,14,26.4,4.4,8.6,1.6,4.1,2.8,4.5,1.5,1.8,0.6,1.5,2.1,3.1,0.9,0.1,0.9,0.9,11.8,219,2021
2311,George Hill,PG,34,PHI,16,18.9,2.1,4.8,0.6,1.4,1.6,3.4,1.2,1.6,0.5,1.5,2.0,1.9,0.7,0.2,1.2,1.2,6.0,219,2021
2312,Solomon Hill,PF,29,ATL,71,21.3,1.5,4.2,1.0,3.0,0.5,1.2,0.5,0.6,0.6,2.4,3.0,1.1,0.7,0.2,0.6,1.6,4.5,220,2021
2313,Nate Hinton,SG,21,DAL,21,4.4,0.7,2.0,0.2,0.9,0.5,1.1,0.3,0.5,0.0,0.4,0.4,0.4,0.3,0.1,0.2,0.4,2.0,221,2021
2314,Jaylen Hoard,SF,21,OKC,19,16.8,2.3,4.6,0.0,0.6,2.3,4.1,1.5,2.2,1.1,2.3,3.4,1.3,0.7,0.3,0.9,1.0,6.1,222,2021
2315,Aaron Holiday,PG,24,IND,66,17.8,2.6,6.6,1.0,2.8,1.6,3.8,1.0,1.3,0.2,1.1,1.3,1.9,0.7,0.2,1.0,1.4,7.2,223,2021
2316,Jrue Holiday,PG,30,MIL,59,32.3,7.0,13.9,1.9,4.8,5.1,9.2,1.8,2.3,1.2,3.3,4.5,6.1,1.6,0.6,2.2,1.7,17.7,224,2021
2317,Justin Holiday,SG,31,IND,72,30.3,3.6,8.7,2.4,6.3,1.2,2.4,0.9,1.2,0.4,3.1,3.6,1.7,1.0,0.6,0.8,1.9,10.5,225,2021
2318,Rondae Hollis-Jefferson,PF,26,POR,11,9.7,0.8,1.6,0.0,0.1,0.8,1.5,0.8,1.5,1.0,1.4,2.4,1.2,0.2,0.4,0.2,1.4,2.5,226,2021
2319,Richaun Holmes,C,27,SAC,61,29.2,6.0,9.4,0.0,0.2,6.0,9.2,2.2,2.8,2.4,5.9,8.3,1.7,0.6,1.6,1.2,3.5,14.2,227,2021
2320,Rodney Hood,SF,28,TOT,55,17.1,1.7,4.7,0.6,2.1,1.1,2.7,0.4,0.5,0.4,1.5,1.9,1.0,0.4,0.1,0.7,1.3,4.5,228,2021
2321,Rodney Hood,SF,28,POR,38,19.1,1.9,5.3,0.7,2.2,1.3,3.1,0.2,0.3,0.5,1.4,1.9,1.2,0.5,0.1,0.8,1.6,4.7,228,2021
2322,Rodney Hood,SF,28,TOR,17,12.7,1.2,3.5,0.5,1.7,0.7,1.8,0.9,0.9,0.3,1.5,1.8,0.4,0.2,0.2,0.3,0.9,3.9,228,2021
2323,Al Horford,C,34,OKC,28,27.9,5.8,12.9,2.0,5.4,3.8,7.4,0.6,0.8,1.0,5.7,6.7,3.4,0.9,0.9,1.0,1.7,14.2,229,2021
2324,Talen Horton-Tucker,SG,20,LAL,65,20.1,3.4,7.5,0.6,2.0,2.9,5.5,1.5,2.0,0.4,2.2,2.6,2.8,1.0,0.3,1.6,2.0,9.0,230,2021
2325,Danuel House,SF,27,HOU,36,25.9,3.1,7.6,1.5,4.3,1.6,3.2,1.1,1.8,0.5,3.2,3.7,1.9,0.6,0.4,1.0,1.9,8.8,231,2021
2326,Dwight Howard,C,35,PHI,69,17.3,2.6,4.4,0.1,0.3,2.5,4.1,1.8,3.0,2.8,5.7,8.4,0.9,0.4,0.9,1.6,2.9,7.0,232,2021
2327,Markus Howard,SG,21,DEN,37,5.5,1.1,2.9,0.5,1.8,0.6,1.1,0.2,0.2,0.0,0.5,0.6,0.5,0.1,0.0,0.5,0.6,2.8,233,2021
2328,Kevin Huerter,SG,22,ATL,69,30.8,4.6,10.6,2.0,5.6,2.6,5.0,0.7,0.9,0.6,2.8,3.3,3.5,1.2,0.3,1.1,2.4,11.9,234,2021
2329,Elijah Hughes,SF,22,UTA,18,3.6,0.6,1.7,0.4,1.3,0.1,0.4,0.2,0.2,0.1,0.4,0.5,0.3,0.1,0.1,0.3,0.1,1.7,235,2021
2330,De'Andre Hunter,SF,23,ATL,23,29.5,5.2,10.8,1.3,4.1,3.9,6.7,3.2,3.7,0.7,4.0,4.8,1.9,0.8,0.5,1.3,2.6,15.0,236,2021
2331,Chandler Hutchison,SF,24,TOT,25,13.8,1.6,4.1,0.3,0.9,1.2,3.2,0.8,1.0,0.2,2.9,3.1,0.7,0.5,0.2,0.8,1.3,4.3,237,2021
2332,Chandler Hutchison,SF,24,CHI,7,9.1,0.7,2.6,0.1,0.4,0.6,2.1,0.3,0.3,0.1,2.7,2.9,0.6,0.1,0.0,0.7,1.3,1.9,237,2021
2333,Chandler Hutchison,SF,24,WAS,18,15.7,1.9,4.7,0.4,1.1,1.5,3.7,1.1,1.3,0.3,2.9,3.2,0.7,0.6,0.3,0.8,1.3,5.2,237,2021
2334,Serge Ibaka,C,31,LAC,41,23.3,4.5,8.9,1.0,2.8,3.6,6.1,1.0,1.3,1.8,4.9,6.7,1.8,0.2,1.1,1.1,1.9,11.1,238,2021
2335,Andre Iguodala,SF,37,MIA,63,21.3,1.5,3.9,1.0,2.9,0.6,1.0,0.4,0.6,0.6,2.9,3.5,2.3,0.9,0.6,1.1,1.4,4.4,239,2021
2336,Ersan İlyasova,PF,33,UTA,17,8.7,1.2,3.2,1.1,2.4,0.2,0.8,0.3,0.3,0.4,1.3,1.7,0.2,0.6,0.2,0.5,1.7,3.8,240,2021
2337,Joe Ingles,SF,33,UTA,67,27.9,4.1,8.4,2.7,6.1,1.4,2.3,1.1,1.3,0.4,3.2,3.6,4.7,0.7,0.2,1.7,1.8,12.1,241,2021
2338,Brandon Ingram,SF,23,NOP,61,34.3,8.4,18.0,2.3,6.1,6.1,11.9,4.6,5.2,0.6,4.3,4.9,4.9,0.7,0.6,2.5,2.0,23.8,242,2021
2339,Kyrie Irving,PG,28,BRK,54,34.9,10.2,20.1,2.8,7.0,7.4,13.1,3.7,4.0,1.0,3.8,4.8,6.0,1.4,0.7,2.4,2.6,26.9,243,2021
2340,Wesley Iwundu,SF,26,TOT,41,13.1,0.8,2.5,0.1,1.0,0.7,1.5,0.6,0.8,0.4,1.8,2.2,0.4,0.4,0.1,0.5,1.2,2.4,244,2021
2341,Wesley Iwundu,SF,26,DAL,23,12.5,0.7,2.3,0.1,1.0,0.6,1.3,0.5,0.6,0.3,1.7,1.9,0.4,0.4,0.1,0.3,1.1,2.1,244,2021
2342,Wesley Iwundu,SF,26,NOP,18,13.9,0.9,2.8,0.1,1.0,0.8,1.8,0.8,0.9,0.5,2.1,2.6,0.4,0.3,0.1,0.7,1.3,2.8,244,2021
2343,Frank Jackson,PG,22,DET,40,18.5,3.4,7.3,1.5,3.8,1.8,3.6,1.5,1.9,0.4,1.8,2.2,0.9,0.4,0.0,0.9,1.3,9.8,245,2021
2344,Jaren Jackson Jr.,C,21,MEM,11,23.5,4.8,11.4,1.5,5.5,3.3,5.9,3.2,3.8,1.5,4.1,5.6,1.1,1.1,1.6,1.4,3.8,14.4,246,2021
2345,Josh Jackson,SG,23,DET,62,25.2,4.8,11.4,1.2,4.1,3.5,7.3,2.6,3.5,0.9,3.2,4.1,2.3,0.9,0.8,2.3,2.9,13.4,247,2021
2346,Justin Jackson,SF,25,TOT,34,17.0,2.6,6.5,1.1,3.4,1.6,3.1,0.9,1.1,0.5,1.8,2.3,1.5,0.4,0.1,0.9,0.9,7.2,248,2021
2347,Justin Jackson,SF,25,OKC,33,16.5,2.6,6.4,1.0,3.4,1.6,3.1,0.9,1.1,0.4,1.7,2.2,1.5,0.5,0.1,0.9,0.9,7.2,248,2021
2348,Justin Jackson,SF,25,MIL,1,33.0,3.0,9.0,2.0,6.0,1.0,3.0,1.0,2.0,2.0,4.0,6.0,1.0,0.0,0.0,1.0,1.0,9.0,248,2021
2349,Reggie Jackson,SG,30,LAC,67,23.0,3.9,8.7,1.8,4.2,2.1,4.5,1.0,1.2,0.4,2.5,2.9,3.1,0.6,0.1,1.1,1.9,10.7,249,2021
2350,Justin James,SF,24,SAC,36,8.6,1.4,3.1,0.4,1.1,1.1,2.0,0.6,1.0,0.3,0.6,0.8,0.6,0.2,0.1,0.4,0.6,3.9,250,2021
2351,LeBron James,PG,36,LAL,45,33.4,9.4,18.3,2.3,6.3,7.1,12.0,4.0,5.7,0.6,7.0,7.7,7.8,1.1,0.6,3.7,1.6,25.0,251,2021
2352,Mike James,PG,30,BRK,13,18.2,2.6,7.1,0.8,2.4,1.8,4.7,1.6,2.1,0.2,2.2,2.5,4.2,0.5,0.1,1.5,0.8,7.7,252,2021
2353,DaQuan Jeffries,SG,23,TOT,31,15.9,1.6,3.9,0.6,2.2,1.0,1.7,0.2,0.3,0.6,1.7,2.3,0.7,0.5,0.3,0.5,1.5,4.1,253,2021
2354,DaQuan Jeffries,SG,23,SAC,18,12.9,1.3,3.2,0.5,1.6,0.8,1.6,0.3,0.4,0.5,1.1,1.6,0.3,0.4,0.2,0.4,1.3,3.5,253,2021
2355,DaQuan Jeffries,SG,23,HOU,13,20.1,2.0,4.8,0.8,3.0,1.2,1.8,0.1,0.1,0.8,2.5,3.2,1.2,0.6,0.5,0.5,1.9,4.9,253,2021
2356,Ty Jerome,SG,23,OKC,33,23.9,3.9,8.7,2.2,5.1,1.7,3.6,0.8,1.0,0.3,2.5,2.8,3.6,0.6,0.2,1.4,1.8,10.7,254,2021
2357,Isaiah Joe,SG,21,PHI,41,9.3,1.2,3.2,1.0,2.6,0.2,0.7,0.4,0.6,0.1,0.7,0.9,0.5,0.3,0.1,0.3,0.8,3.7,255,2021
2358,Alize Johnson,PF,24,BRK,18,10.5,2.2,3.8,0.1,0.3,2.2,3.4,0.7,0.7,1.5,3.5,5.0,0.8,0.3,0.3,0.5,0.9,5.2,256,2021
2359,Cameron Johnson,PF,24,PHO,60,24.0,3.4,8.1,2.0,5.6,1.4,2.5,0.8,1.0,0.6,2.8,3.3,1.4,0.6,0.3,0.7,1.4,9.6,257,2021
2360,James Johnson,PF,33,TOT,51,20.5,2.9,6.4,0.6,2.4,2.3,4.1,0.9,1.5,0.6,2.8,3.5,1.9,0.8,0.8,1.1,2.4,7.2,258,2021
2361,James Johnson,PF,33,DAL,29,17.4,2.3,5.0,0.5,2.1,1.8,2.9,0.6,1.0,0.5,2.5,3.0,1.7,0.8,0.8,0.9,2.0,5.7,258,2021
2362,James Johnson,PF,33,NOP,22,24.5,3.6,8.3,0.7,2.7,2.9,5.5,1.3,2.1,0.8,3.3,4.1,2.2,0.8,0.9,1.3,2.8,9.2,258,2021
2363,Keldon Johnson,SF,21,SAS,69,28.5,4.9,10.2,0.9,2.6,4.0,7.6,2.1,2.8,1.3,4.6,6.0,1.8,0.6,0.3,1.1,2.1,12.8,259,2021
2364,Stanley Johnson,PF,24,TOR,61,16.5,1.5,3.8,0.7,2.2,0.7,1.6,0.7,0.9,0.5,2.0,2.5,1.5,0.9,0.3,0.9,1.9,4.4,260,2021
2365,Tyler Johnson,SG,28,BRK,39,17.5,1.8,4.7,1.2,3.4,0.6,1.3,0.5,0.5,0.2,1.8,2.0,1.2,0.4,0.0,0.4,1.1,5.4,261,2021
2366,Nikola Jokić,C,25,DEN,72,34.6,10.2,18.0,1.3,3.3,8.9,14.7,4.8,5.5,2.8,8.0,10.8,8.3,1.3,0.7,3.1,2.7,26.4,262,2021
2367,Damian Jones,C,25,TOT,39,14.0,1.8,2.6,0.0,0.1,1.8,2.5,1.1,1.5,0.9,2.2,3.1,0.7,0.3,0.7,0.7,2.0,4.7,263,2021
2368,Damian Jones,C,25,PHO,14,6.7,0.6,1.1,0.0,0.1,0.6,1.1,0.4,0.8,0.5,0.8,1.3,0.3,0.1,0.4,0.4,1.4,1.6,263,2021
2369,Damian Jones,C,25,LAL,8,14.0,2.0,2.1,0.0,0.0,2.0,2.1,1.4,1.5,1.0,2.3,3.3,0.1,0.1,0.9,0.6,2.8,5.4,263,2021
2370,Damian Jones,C,25,SAC,17,20.1,2.7,4.1,0.1,0.2,2.6,3.9,1.5,2.1,1.2,3.3,4.5,1.4,0.5,1.0,0.9,2.1,6.9,263,2021
2371,Derrick Jones Jr.,SF,23,POR,58,22.7,2.5,5.2,0.7,2.3,1.8,2.9,1.0,1.6,1.3,2.2,3.5,0.8,0.6,0.9,0.6,2.2,6.8,264,2021
2372,Mason Jones,SG,22,TOT,32,10.4,1.6,3.8,0.8,2.1,0.9,1.8,1.3,2.0,0.2,1.5,1.7,1.3,0.2,0.0,0.9,0.8,5.3,265,2021
2373,Mason Jones,SG,22,HOU,26,11.8,1.8,4.4,0.9,2.5,0.9,1.9,1.3,2.2,0.2,1.8,2.0,1.5,0.2,0.0,1.1,0.8,5.8,265,2021
2374,Mason Jones,SG,22,PHI,6,4.5,0.8,1.5,0.2,0.3,0.7,1.2,0.8,1.2,0.5,0.2,0.7,0.5,0.2,0.0,0.2,0.3,2.7,265,2021
2375,Tre Jones,PG,21,SAS,37,7.3,1.0,2.1,0.1,0.1,0.9,2.0,0.5,0.5,0.2,0.4,0.6,1.1,0.2,0.0,0.4,0.4,2.5,266,2021
2376,Tyus Jones,PG,24,MEM,70,17.5,2.5,5.9,0.6,2.0,1.9,3.9,0.6,0.6,0.3,1.7,2.0,3.7,0.9,0.1,0.7,0.4,6.3,267,2021
2377,DeAndre Jordan,C,32,BRK,57,21.9,3.3,4.4,0.0,0.0,3.3,4.4,0.8,1.6,2.1,5.4,7.5,1.6,0.3,1.1,1.5,2.0,7.5,268,2021
2378,Cory Joseph,PG,29,TOT,63,23.0,3.2,6.8,0.7,2.1,2.5,4.7,1.1,1.4,0.6,2.0,2.5,3.4,1.0,0.3,1.3,2.2,8.2,269,2021
2379,Cory Joseph,PG,29,SAC,44,21.5,2.5,5.7,0.7,2.1,1.8,3.5,0.8,1.1,0.6,1.7,2.3,2.5,0.9,0.2,1.0,2.2,6.6,269,2021
2380,Cory Joseph,PG,29,DET,19,26.4,4.7,9.3,0.7,2.0,3.9,7.3,1.9,2.2,0.5,2.6,3.2,5.5,1.2,0.5,1.8,2.2,12.0,269,2021
2381,Mfiondu Kabengele,PF,23,TOT,39,7.2,0.8,2.3,0.3,1.3,0.5,1.0,0.4,0.5,0.3,1.2,1.5,0.4,0.2,0.3,0.4,0.9,2.4,270,2021
2382,Mfiondu Kabengele,PF,23,LAC,23,4.1,0.4,1.4,0.2,0.8,0.2,0.6,0.2,0.3,0.0,0.6,0.6,0.2,0.1,0.1,0.3,0.8,1.2,270,2021
2383,Mfiondu Kabengele,PF,23,CLE,16,11.6,1.5,3.6,0.6,2.0,0.9,1.6,0.7,0.9,0.7,2.2,2.9,0.8,0.4,0.6,0.6,1.1,4.3,270,2021
2384,Frank Kaminsky,C,27,PHO,47,15.2,2.6,5.5,0.7,1.8,1.9,3.7,0.8,1.3,0.8,3.2,4.0,1.7,0.3,0.4,0.5,1.5,6.6,271,2021
2385,Enes Kanter,C,28,POR,72,24.4,4.7,7.8,0.0,0.1,4.7,7.7,1.8,2.3,3.9,7.1,11.0,1.2,0.5,0.7,1.1,2.3,11.2,272,2021
2386,Luke Kennard,SG,24,LAC,63,19.6,3.1,6.6,1.6,3.6,1.5,3.0,0.4,0.5,0.2,2.3,2.6,1.7,0.4,0.1,0.8,1.4,8.3,273,2021
2387,Louis King,SF,21,SAC,6,14.2,2.8,5.7,0.7,1.8,2.2,3.8,1.0,1.0,0.8,2.2,3.0,1.5,1.2,0.5,0.7,1.5,7.3,274,2021
2388,Maxi Kleber,PF,29,DAL,50,26.8,2.3,5.5,1.7,4.2,0.6,1.3,0.7,0.7,0.9,4.3,5.2,1.4,0.5,0.7,0.6,2.1,7.1,275,2021
2389,Nathan Knight,PF,23,ATL,33,8.5,1.1,3.0,0.2,1.0,0.9,2.0,1.3,1.7,0.8,1.4,2.2,0.2,0.3,0.3,0.5,0.7,3.8,276,2021
2390,Kevin Knox,SF,21,NYK,42,11.0,1.3,3.4,0.8,2.1,0.5,1.3,0.4,0.5,0.2,1.2,1.5,0.5,0.3,0.1,0.4,0.9,3.9,277,2021
2391,John Konchar,SG,24,MEM,43,13.4,1.6,3.2,0.5,1.3,1.1,1.9,0.6,0.7,0.8,2.2,3.0,1.1,0.7,0.2,0.4,0.9,4.3,278,2021
2392,Furkan Korkmaz,SG,23,PHI,55,19.3,3.1,7.7,1.8,4.9,1.3,2.8,1.1,1.5,0.3,1.7,2.1,1.5,0.9,0.2,0.8,1.2,9.1,279,2021
2393,Luke Kornet,C-PF,25,TOT,31,11.2,1.4,3.3,0.5,1.9,0.9,1.4,0.1,0.2,0.5,1.7,2.2,0.8,0.1,1.0,0.2,0.6,3.4,280,2021
2394,Luke Kornet,PF,25,CHI,13,7.2,0.7,2.1,0.5,1.8,0.2,0.3,0.2,0.3,0.1,1.1,1.2,0.3,0.2,0.5,0.1,0.1,2.0,280,2021
2395,Luke Kornet,C,25,BOS,18,14.1,1.9,4.1,0.5,2.0,1.4,2.1,0.1,0.1,0.7,2.2,2.9,1.1,0.1,1.4,0.3,1.1,4.4,280,2021
2396,Rodions Kurucs,SF-PF,22,TOT,21,6.0,0.5,1.5,0.3,1.0,0.2,0.5,0.1,0.2,0.2,0.9,1.1,0.5,0.4,0.2,0.6,0.8,1.5,281,2021
2397,Rodions Kurucs,PF,22,BRK,5,3.2,0.2,0.6,0.2,0.4,0.0,0.2,0.0,0.0,0.0,0.6,0.6,0.4,0.0,0.0,0.0,0.2,0.6,281,2021
2398,Rodions Kurucs,SF,22,HOU,11,6.8,0.5,1.9,0.2,1.4,0.3,0.5,0.1,0.2,0.2,0.8,1.0,0.4,0.5,0.4,0.8,0.6,1.2,281,2021
2399,Rodions Kurucs,SF,22,MIL,5,6.8,1.0,1.6,0.6,0.8,0.4,0.8,0.4,0.4,0.6,1.2,1.8,0.8,0.6,0.0,0.8,1.6,3.0,281,2021
2400,Kyle Kuzma,SF,25,LAL,68,28.7,4.9,11.1,2.0,5.6,2.9,5.5,1.0,1.4,1.6,4.5,6.1,1.9,0.5,0.6,1.7,1.8,12.9,282,2021
2401,Anthony Lamb,SF,23,HOU,24,17.3,1.9,4.9,1.0,3.0,1.0,2.0,0.8,0.9,1.1,1.8,2.9,1.0,0.3,0.2,0.8,1.4,5.5,283,2021
2402,Jeremy Lamb,SG,28,IND,36,21.3,3.3,7.7,1.4,3.6,1.9,4.1,2.0,2.1,0.7,2.9,3.6,1.5,0.9,0.6,0.6,2.0,10.1,284,2021
2403,Romeo Langford,SG,21,BOS,18,15.7,1.2,3.3,0.3,1.0,0.9,2.3,0.5,0.7,0.7,1.3,1.9,0.7,0.3,0.3,0.6,1.3,3.1,285,2021
2404,Zach LaVine,SG,25,CHI,58,35.1,9.8,19.4,3.4,8.2,6.4,11.1,4.4,5.1,0.6,4.4,5.0,4.9,0.8,0.5,3.5,2.4,27.4,286,2021
2405,Jake Layman,SF,26,MIN,45,13.9,2.0,4.1,0.5,1.7,1.5,2.4,0.6,0.8,0.3,1.2,1.5,0.6,0.6,0.4,0.6,1.0,5.1,287,2021
2406,T.J. Leaf,PF,23,POR,7,5.0,0.7,1.4,0.0,0.0,0.7,1.4,0.3,0.3,0.0,0.7,0.7,0.1,0.3,0.1,0.3,0.1,1.7,288,2021
2407,Jalen Lecque,PG,20,IND,4,3.0,0.3,2.3,0.0,0.3,0.3,2.0,0.8,0.8,0.5,0.8,1.3,0.5,0.0,0.0,0.0,0.0,1.3,289,2021
2408,Damion Lee,SG,28,GSW,57,18.9,2.2,4.8,1.4,3.4,0.9,1.4,0.7,0.8,0.4,2.8,3.2,1.3,0.7,0.1,0.5,1.6,6.5,290,2021
2409,Saben Lee,PG,21,DET,48,16.3,2.1,4.4,0.2,0.5,1.9,3.9,1.3,1.9,0.4,1.6,2.0,3.6,0.7,0.3,1.1,1.6,5.6,291,2021
2410,Alex Len,C,27,TOT,64,15.3,2.7,4.3,0.1,0.4,2.5,4.0,1.1,1.8,1.2,2.8,4.1,0.8,0.3,1.0,0.9,2.0,6.6,292,2021
2411,Alex Len,C,27,TOR,7,10.9,0.7,1.4,0.4,0.9,0.3,0.6,0.4,0.9,0.0,1.6,1.6,0.4,0.1,0.9,1.1,1.4,2.3,292,2021
2412,Alex Len,C,27,WAS,57,15.8,2.9,4.7,0.1,0.3,2.8,4.4,1.2,1.9,1.4,3.0,4.4,0.8,0.3,1.0,0.8,2.1,7.1,292,2021
2413,Kawhi Leonard,SF,29,LAC,52,34.1,8.9,17.5,1.9,4.9,7.0,12.6,5.0,5.7,1.1,5.4,6.5,5.2,1.6,0.4,2.0,1.6,24.8,293,2021
2414,Meyers Leonard,C,28,MIA,3,9.7,1.0,2.3,1.0,2.3,0.0,0.0,0.3,0.7,0.0,2.3,2.3,0.7,0.0,0.0,0.7,1.7,3.3,294,2021
2415,Caris LeVert,SG,26,TOT,47,31.6,7.6,17.3,1.8,5.5,5.9,11.8,3.1,3.8,0.7,3.9,4.6,5.2,1.4,0.6,2.2,2.2,20.2,295,2021
2416,Caris LeVert,SG,26,BRK,12,27.8,7.3,16.7,1.8,5.3,5.4,11.4,2.2,2.8,0.8,3.5,4.3,6.0,1.1,0.5,2.2,1.7,18.5,295,2021
2417,Caris LeVert,SG,26,IND,35,32.9,7.8,17.5,1.8,5.6,6.0,12.0,3.4,4.2,0.7,4.0,4.6,4.9,1.5,0.7,2.2,2.4,20.7,295,2021
2418,Kira Lewis Jr.,PG,19,NOP,54,16.7,2.4,6.2,0.7,2.2,1.7,4.0,0.8,0.9,0.2,1.1,1.3,2.3,0.7,0.2,0.6,1.6,6.4,296,2021
2419,Damian Lillard,PG,30,POR,67,35.8,9.0,19.9,4.1,10.5,4.9,9.4,6.7,7.2,0.5,3.7,4.2,7.5,0.9,0.3,3.0,1.5,28.8,297,2021
2420,Nassir Little,PF,20,POR,48,13.3,1.6,3.5,0.6,1.7,1.0,1.8,0.8,0.9,0.7,2.0,2.7,0.5,0.1,0.3,0.4,1.1,4.6,298,2021
2421,Kevon Looney,C,24,GSW,61,19.0,1.8,3.2,0.1,0.3,1.7,3.0,0.5,0.8,1.9,3.4,5.3,2.0,0.3,0.4,0.6,2.2,4.1,299,2021
2422,Brook Lopez,C,32,MIL,70,27.2,4.6,9.1,1.4,4.0,3.2,5.1,1.7,2.0,1.5,3.5,5.0,0.7,0.6,1.5,0.9,2.1,12.3,300,2021
2423,Robin Lopez,C,32,WAS,71,19.1,3.8,6.0,0.1,0.3,3.7,5.7,1.4,1.9,2.0,1.8,3.8,0.8,0.2,0.6,1.1,1.5,9.0,301,2021
2424,Didi Louzada,SF,21,NOP,3,18.7,1.0,4.3,0.7,2.7,0.3,1.7,0.0,0.0,0.3,0.7,1.0,1.0,0.7,0.0,1.0,1.7,2.7,302,2021
2425,Kevin Love,PF,32,CLE,25,24.9,4.1,10.1,2.3,6.2,1.8,3.8,1.7,2.0,0.7,6.8,7.4,2.5,0.6,0.1,1.5,1.0,12.2,303,2021
2426,Kyle Lowry,PG,34,TOR,46,34.8,5.7,13.0,2.8,7.2,2.8,5.8,3.0,3.5,0.8,4.6,5.4,7.3,1.0,0.3,2.7,3.1,17.2,304,2021
2427,Timothé Luwawu-Cabarrot,SF,25,BRK,58,18.1,2.2,6.1,1.3,4.1,0.9,2.0,0.6,0.7,0.5,1.7,2.2,1.2,0.6,0.1,0.7,1.7,6.4,305,2021
2428,Trey Lyles,PF,25,SAS,23,15.6,1.9,3.9,0.6,1.7,1.3,2.2,0.7,1.0,0.4,3.3,3.7,0.6,0.3,0.0,0.3,0.6,5.0,306,2021
2429,Will Magnay,C,22,NOP,1,3.0,0.0,1.0,0.0,1.0,0.0,0.0,0.0,0.0,0.0,0.0,0.0,0.0,0.0,0.0,1.0,1.0,0.0,307,2021
2430,Thon Maker,C,23,CLE,8,9.5,1.3,2.3,0.0,0.3,1.3,2.0,1.3,1.4,1.0,1.3,2.3,0.5,0.3,0.5,0.4,0.9,3.8,308,2021
2431,Théo Maledon,PG,19,OKC,65,27.4,3.5,9.4,1.6,4.8,1.9,4.6,1.6,2.1,0.4,2.9,3.2,3.5,0.9,0.2,2.2,1.9,10.1,309,2021
2432,Karim Mané,PG,20,ORL,10,8.8,0.3,1.3,0.1,0.2,0.2,1.1,0.4,0.5,0.1,1.3,1.4,0.4,0.0,0.2,0.3,1.0,1.1,310,2021
2433,Terance Mann,SG,24,LAC,67,18.9,2.7,5.2,0.6,1.4,2.1,3.9,1.2,1.4,0.8,2.8,3.6,1.6,0.4,0.2,0.6,1.9,7.0,311,2021
2434,Nico Mannion,PG,19,GSW,30,12.1,1.3,3.8,0.7,2.0,0.6,1.8,0.8,0.9,0.2,1.3,1.5,2.3,0.5,0.0,1.0,1.0,4.1,312,2021
2435,Boban Marjanović,C,32,DAL,33,8.2,1.9,3.7,0.0,0.2,1.8,3.5,0.9,1.2,1.4,2.5,3.9,0.3,0.1,0.2,0.4,0.9,4.7,313,2021
2436,Lauri Markkanen,PF,23,CHI,51,25.8,4.9,10.2,2.3,5.8,2.6,4.4,1.5,1.8,0.7,4.6,5.3,0.9,0.5,0.3,1.0,1.5,13.6,314,2021
2437,Naji Marshall,SF,23,NOP,32,21.9,2.6,6.5,0.9,2.6,1.7,3.9,1.7,2.3,0.5,4.2,4.6,2.8,0.8,0.3,1.2,1.8,7.7,315,2021
2438,Caleb Martin,SF,25,CHO,53,15.4,1.8,4.8,0.6,2.4,1.2,2.5,0.8,1.2,0.6,2.1,2.7,1.3,0.7,0.2,0.6,1.2,5.0,316,2021
2439,Cody Martin,SF,25,CHO,52,16.3,1.6,3.6,0.3,1.1,1.3,2.5,0.5,0.8,1.0,2.1,3.1,1.7,0.7,0.2,0.8,1.0,4.0,317,2021
2440,Jeremiah Martin,PG,24,CLE,9,8.3,1.0,3.7,0.3,1.3,0.7,2.3,0.1,0.6,0.2,0.6,0.8,0.4,0.6,0.2,0.7,0.1,2.4,318,2021
2441,Kelan Martin,SF,25,IND,35,9.2,1.8,3.9,0.7,1.7,1.1,2.2,0.3,0.3,0.5,1.7,2.2,0.5,0.3,0.3,0.5,1.0,4.5,319,2021
2442,Kenyon Martin Jr.,SF,20,HOU,45,23.7,3.6,7.1,0.8,2.1,2.8,4.9,1.3,1.9,1.6,3.8,5.4,1.1,0.7,0.9,0.8,2.0,9.3,320,2021
2443,Frank Mason III,PG,26,ORL,4,19.8,2.3,6.0,0.5,1.3,1.8,4.8,1.3,1.8,0.8,2.3,3.0,3.0,0.0,0.0,1.3,1.8,6.3,321,2021
2444,Garrison Mathews,SG,24,WAS,64,16.2,1.5,3.7,1.2,3.1,0.3,0.6,1.3,1.5,0.3,1.1,1.4,0.4,0.5,0.1,0.2,1.7,5.5,322,2021
2445,Dakota Mathias,SG,25,PHI,8,15.4,2.4,6.0,1.0,3.3,1.4,2.8,0.3,0.8,0.1,0.8,0.9,1.6,0.1,0.4,0.1,0.9,6.0,323,2021
2446,Wesley Matthews,SG,34,LAL,58,19.5,1.5,4.3,1.1,3.4,0.4,0.9,0.6,0.7,0.3,1.3,1.6,0.9,0.7,0.3,0.4,1.4,4.8,324,2021
2447,Tyrese Maxey,SG,20,PHI,61,15.3,3.2,7.0,0.5,1.7,2.7,5.3,1.0,1.1,0.2,1.5,1.7,2.0,0.4,0.2,0.7,1.3,8.0,325,2021
2448,Skylar Mays,SG,23,ATL,33,8.2,1.3,3.0,0.4,1.2,0.9,1.8,0.7,0.8,0.3,0.8,1.1,0.9,0.4,0.1,0.3,0.5,3.8,326,2021
2449,Patrick McCaw,SF,25,TOR,5,6.6,0.2,0.2,0.0,0.0,0.2,0.2,0.6,0.6,0.2,0.4,0.6,0.8,0.4,0.0,0.0,1.2,1.0,327,2021
2450,CJ McCollum,SG,29,POR,47,34.0,8.6,18.8,3.6,8.9,5.0,9.9,2.3,2.8,0.6,3.3,3.9,4.7,0.9,0.4,1.4,1.9,23.1,328,2021
2451,T.J. McConnell,PG,28,IND,69,26.0,4.0,7.1,0.2,0.7,3.8,6.4,0.5,0.7,0.8,2.9,3.7,6.6,1.9,0.3,2.0,1.6,8.6,329,2021
2452,Jaden McDaniels,PF,20,MIN,63,24.0,2.6,5.8,1.1,3.1,1.5,2.7,0.4,0.7,0.8,2.9,3.7,1.1,0.6,1.0,0.7,2.7,6.8,330,2021
2453,Jalen McDaniels,SF,23,CHO,47,19.2,2.8,6.0,0.7,2.2,2.1,3.8,1.0,1.4,1.0,2.6,3.6,1.1,0.6,0.4,1.0,2.0,7.4,331,2021
2454,Doug McDermott,PF,29,IND,66,24.5,5.4,10.1,1.7,4.3,3.7,5.7,1.2,1.5,0.9,2.4,3.3,1.3,0.3,0.1,0.8,1.8,13.6,332,2021
2455,Sean McDermott,SF,24,MEM,18,8.8,0.7,1.8,0.3,1.2,0.4,0.6,0.4,0.4,0.3,0.7,1.1,0.2,0.1,0.2,0.2,0.4,2.2,333,2021
2456,JaVale McGee,C,33,TOT,46,14.7,3.1,6.1,0.1,0.5,3.0,5.6,1.0,1.5,1.7,3.5,5.2,0.8,0.4,1.2,1.3,2.6,7.3,334,2021
2457,JaVale McGee,C,33,CLE,33,15.2,3.4,6.5,0.2,0.6,3.2,5.9,1.1,1.7,1.6,3.5,5.2,1.0,0.5,1.2,1.4,2.4,8.0,334,2021
2458,JaVale McGee,C,33,DEN,13,13.5,2.5,5.2,0.0,0.3,2.5,4.8,0.6,0.9,1.8,3.5,5.3,0.5,0.2,1.1,1.2,3.2,5.5,334,2021
2459,Rodney McGruder,SG,29,DET,16,12.1,2.3,4.4,0.7,1.5,1.6,2.9,0.4,0.5,0.5,0.9,1.4,1.0,0.5,0.1,0.4,0.8,5.7,335,2021
2460,Alfonzo McKinnie,SF,28,LAL,39,6.6,1.2,2.4,0.4,1.0,0.8,1.4,0.3,0.5,0.6,0.8,1.4,0.2,0.2,0.0,0.1,0.7,3.1,336,2021
2461,Jordan McLaughlin,PG,24,MIN,51,18.4,2.0,4.7,0.6,1.8,1.3,2.9,0.5,0.6,0.4,1.7,2.1,3.8,1.0,0.1,1.0,0.9,5.0,337,2021
2462,Ben McLemore,SG,27,TOT,53,17.1,2.5,6.9,1.8,5.3,0.7,1.6,0.7,1.0,0.3,1.6,1.9,0.7,0.4,0.2,0.8,1.7,7.7,338,2021
2463,Ben McLemore,SG,27,HOU,32,16.8,2.5,7.0,1.7,5.2,0.8,1.8,0.7,1.0,0.3,1.7,2.1,0.9,0.6,0.1,0.9,1.6,7.4,338,2021
2464,Ben McLemore,SG,27,LAL,21,17.5,2.6,6.7,2.0,5.4,0.6,1.3,0.8,1.0,0.2,1.4,1.6,0.5,0.1,0.3,0.7,1.8,8.0,338,2021
2465,Nicolò Melli,PF,30,TOT,45,12.6,1.0,3.1,0.5,1.9,0.5,1.2,0.4,0.6,0.6,2.1,2.7,1.0,0.3,0.1,0.3,1.3,3.0,339,2021
2466,Nicolò Melli,PF,30,NOP,22,11.0,0.7,2.7,0.3,1.7,0.4,1.0,0.3,0.3,0.5,2.0,2.6,1.1,0.4,0.0,0.3,1.3,2.0,339,2021
2467,Nicolò Melli,PF,30,DAL,23,14.1,1.3,3.6,0.7,2.1,0.7,1.5,0.6,0.8,0.7,2.1,2.8,0.8,0.2,0.1,0.2,1.3,4.0,339,2021
2468,De'Anthony Melton,PG,22,MEM,52,20.1,3.3,7.6,1.7,4.1,1.6,3.5,0.8,1.0,0.6,2.5,3.1,2.5,1.2,0.6,1.3,1.6,9.1,340,2021
2469,Sam Merrill,SG,24,MIL,30,7.8,1.1,2.4,0.7,1.6,0.4,0.8,0.1,0.1,0.2,0.8,1.0,0.7,0.3,0.0,0.3,0.6,3.0,341,2021
2470,Chimezie Metu,C,23,SAC,36,13.6,2.5,5.0,0.4,1.0,2.2,3.9,0.9,1.2,0.9,2.3,3.1,0.8,0.4,0.5,0.8,1.6,6.3,342,2021
2471,Khris Middleton,SF,29,MIL,68,33.4,7.5,15.8,2.2,5.4,5.3,10.4,3.1,3.5,0.8,5.2,6.0,5.4,1.1,0.1,2.6,2.4,20.4,343,2021
2472,Darius Miller,SF,30,OKC,18,10.9,1.2,2.7,0.9,2.3,0.3,0.3,0.7,0.7,0.1,1.2,1.3,1.2,0.7,0.3,0.4,0.7,4.1,344,2021
2473,Patty Mills,PG,32,SAS,68,24.8,3.7,9.0,2.4,6.3,1.3,2.7,1.0,1.1,0.3,1.4,1.7,2.4,0.6,0.0,1.0,1.2,10.8,345,2021
2474,Paul Millsap,PF,35,DEN,56,20.8,3.4,7.2,0.9,2.6,2.5,4.6,1.3,1.8,1.4,3.3,4.7,1.8,0.9,0.6,0.9,2.0,9.0,346,2021
2475,Shake Milton,SG,24,PHI,63,23.2,4.8,10.6,1.1,3.2,3.6,7.4,2.3,2.8,0.5,1.8,2.3,3.1,0.6,0.3,1.6,2.1,13.0,347,2021
2476,Donovan Mitchell,PG,24,UTA,53,33.4,9.0,20.6,3.4,8.7,5.7,11.9,5.0,6.0,0.9,3.5,4.4,5.2,1.0,0.3,2.8,2.2,26.4,348,2021
2477,Adam Mokoka,SG,22,CHI,14,4.0,0.5,1.4,0.1,0.7,0.4,0.6,0.0,0.1,0.1,0.3,0.4,0.4,0.1,0.1,0.4,0.4,1.1,349,2021
2478,Malik Monk,SG,22,CHO,42,20.9,4.1,9.5,2.0,5.0,2.1,4.5,1.4,1.7,0.3,2.1,2.4,2.1,0.5,0.1,1.3,1.1,11.7,350,2021
2479,E'Twaun Moore,SG,31,PHO,27,14.4,2.0,4.5,0.4,1.3,1.6,3.2,0.4,0.5,0.5,1.1,1.7,1.5,0.6,0.2,0.9,1.2,4.9,351,2021
2480,Ja Morant,PG,21,MEM,63,32.6,6.8,15.2,1.2,3.8,5.7,11.4,4.3,5.9,0.9,3.1,4.0,7.4,0.9,0.2,3.2,1.4,19.1,352,2021
2481,Juwan Morgan,PF,23,UTA,29,5.1,0.5,1.0,0.1,0.4,0.3,0.6,0.1,0.2,0.3,0.7,1.0,0.3,0.1,0.0,0.1,0.7,1.2,353,2021
2482,Marcus Morris,PF,31,LAC,57,26.4,4.8,10.2,2.5,5.2,2.4,5.1,1.3,1.6,0.6,3.5,4.1,1.0,0.6,0.3,1.0,2.1,13.4,354,2021
2483,Markieff Morris,PF,31,LAL,61,19.7,2.5,6.2,1.1,3.4,1.4,2.8,0.6,0.8,0.8,3.6,4.4,1.2,0.4,0.3,0.9,1.7,6.7,355,2021
2484,Monte Morris,PG,25,DEN,47,25.4,4.0,8.2,1.1,2.9,2.9,5.4,1.2,1.6,0.2,1.8,2.0,3.2,0.7,0.3,0.7,1.0,10.2,356,2021
2485,Mychal Mulder,PG,26,GSW,60,12.8,2.0,4.4,1.4,3.6,0.6,0.9,0.2,0.4,0.1,0.9,1.0,0.4,0.2,0.2,0.3,0.9,5.6,357,2021
2486,Dejounte Murray,PG,24,SAS,67,31.9,6.6,14.5,0.9,3.0,5.6,11.6,1.6,2.0,0.9,6.2,7.1,5.4,1.5,0.1,1.7,2.0,15.7,358,2021
2487,Jamal Murray,PG,23,DEN,48,35.5,7.9,16.5,2.7,6.6,5.2,9.9,2.8,3.2,0.8,3.3,4.0,4.8,1.3,0.3,2.3,2.0,21.2,359,2021
2488,Mike Muscala,C,29,OKC,35,18.4,3.4,7.6,1.9,5.3,1.5,2.4,0.9,1.0,0.5,3.2,3.8,0.8,0.2,0.3,0.6,1.5,9.7,360,2021
2489,Sviatoslav Mykhailiuk,SF-SG,23,TOT,66,20.1,3.2,7.7,1.6,4.8,1.6,2.9,0.6,0.8,0.4,2.1,2.5,1.7,0.8,0.2,1.3,1.0,8.5,361,2021
2490,Sviatoslav Mykhailiuk,SF,23,DET,36,17.6,2.3,6.2,1.6,4.8,0.8,1.4,0.7,0.8,0.3,1.8,2.1,1.6,0.8,0.2,1.1,0.9,6.9,361,2021
2491,Sviatoslav Mykhailiuk,SG,23,OKC,30,23.0,4.1,9.4,1.6,4.8,2.5,4.7,0.5,0.7,0.4,2.5,3.0,1.8,0.8,0.2,1.6,1.0,10.3,361,2021
2492,Abdel Nader,SF,27,PHO,24,14.8,2.4,4.8,0.8,1.8,1.6,3.0,1.2,1.5,0.3,2.3,2.6,0.8,0.4,0.4,0.8,1.4,6.7,362,2021
2493,Larry Nance Jr.,PF,28,CLE,35,31.2,3.7,7.8,1.2,3.3,2.5,4.5,0.9,1.4,1.5,5.2,6.7,3.1,1.7,0.5,1.6,2.1,9.3,363,2021
2494,Aaron Nesmith,SF,21,BOS,46,14.5,1.7,3.9,0.9,2.3,0.8,1.5,0.5,0.6,0.6,2.2,2.8,0.5,0.3,0.2,0.5,1.9,4.7,364,2021
2495,Raul Neto,PG,28,WAS,64,21.9,3.3,7.0,1.0,2.6,2.3,4.4,1.2,1.3,0.4,2.0,2.4,2.3,1.1,0.1,0.8,1.7,8.7,365,2021
2496,Georges Niang,PF,27,UTA,72,16.0,2.5,5.6,1.7,4.1,0.7,1.6,0.3,0.3,0.4,2.1,2.4,0.8,0.3,0.1,0.7,1.6,6.9,366,2021
2497,Zeke Nnaji,PF,20,DEN,42,9.5,1.2,2.5,0.6,1.4,0.6,1.1,0.3,0.4,0.3,1.2,1.5,0.2,0.2,0.1,0.2,0.7,3.2,367,2021
2498,Nerlens Noel,C,26,NYK,64,24.2,2.1,3.5,0.0,0.0,2.1,3.4,0.8,1.1,2.2,4.2,6.4,0.7,1.1,2.2,1.0,2.8,5.1,368,2021
2499,Jaylen Nowell,SG,21,MIN,42,18.1,3.4,8.0,1.2,3.6,2.2,4.4,1.1,1.3,0.5,1.8,2.3,1.5,0.5,0.3,0.7,1.7,9.0,369,2021
2500,Frank Ntilikina,PG,22,NYK,33,9.8,0.9,2.4,0.7,1.5,0.2,0.9,0.2,0.5,0.2,0.8,0.9,0.6,0.5,0.1,0.3,1.4,2.7,370,2021
2501,Kendrick Nunn,PG,25,MIA,56,29.5,5.7,11.8,2.2,5.7,3.5,6.0,1.0,1.1,0.4,2.8,3.2,2.6,0.9,0.3,1.4,1.9,14.6,371,2021
2502,James Nunnally,SF,30,NOP,9,5.3,0.6,1.4,0.4,1.3,0.1,0.1,0.1,0.2,0.2,0.8,1.0,0.3,0.0,0.0,0.2,0.1,1.7,372,2021
2503,Jusuf Nurkić,C,26,POR,37,23.8,4.6,9.0,0.3,0.8,4.3,8.2,1.9,3.1,2.3,6.6,9.0,3.4,1.0,1.1,2.0,2.8,11.5,373,2021
2504,David Nwaba,SF,28,HOU,30,22.6,3.5,7.3,0.6,2.1,3.0,5.2,1.6,2.3,1.3,2.6,3.9,1.0,1.0,0.7,0.6,2.0,9.2,374,2021
2505,Jordan Nwora,SF,22,MIL,30,9.1,2.1,4.5,0.9,2.1,1.1,2.4,0.6,0.8,0.3,1.7,2.0,0.2,0.5,0.2,0.8,0.7,5.7,375,2021
2506,Royce O'Neale,SF,27,UTA,71,31.6,2.5,5.5,1.5,3.9,1.0,1.6,0.5,0.6,1.2,5.6,6.8,2.5,0.8,0.5,1.2,2.6,7.0,376,2021
2507,Semi Ojeleye,PF,26,BOS,56,17.0,1.6,3.9,1.0,2.8,0.6,1.1,0.4,0.6,0.6,2.1,2.6,0.7,0.3,0.0,0.4,1.0,4.6,377,2021
2508,Jahlil Okafor,C,25,DET,27,12.9,2.3,3.8,0.1,0.3,2.3,3.4,0.6,0.9,0.9,1.6,2.4,0.5,0.2,0.2,0.8,1.4,5.4,378,2021
2509,Chuma Okeke,PF,22,ORL,45,25.2,3.0,7.2,1.1,3.1,1.9,4.1,0.7,0.9,0.9,3.1,4.0,2.2,1.1,0.5,0.8,1.1,7.8,379,2021
2510,Josh Okogie,SG,22,MIN,59,20.3,1.7,4.3,0.5,1.8,1.2,2.5,1.4,1.8,1.1,1.6,2.6,1.1,0.9,0.5,0.7,2.1,5.4,380,2021
2511,Onyeka Okongwu,C,20,ATL,50,12.0,1.9,3.0,0.0,0.1,1.9,2.9,0.7,1.1,1.2,2.0,3.3,0.4,0.5,0.7,0.6,2.0,4.6,381,2021
2512,Isaac Okoro,SG,20,CLE,67,32.4,3.5,8.3,0.9,3.2,2.6,5.1,1.7,2.3,1.0,2.1,3.1,1.9,0.9,0.4,1.3,2.8,9.6,382,2021
2513,KZ Okpala,PF,21,MIA,37,12.1,1.0,2.6,0.3,1.4,0.6,1.2,0.2,0.4,0.6,1.3,1.8,0.5,0.3,0.3,0.4,1.6,2.5,383,2021
2514,Victor Oladipo,SG,28,TOT,33,32.7,7.1,17.5,2.4,7.2,4.8,10.2,3.2,4.2,0.4,4.5,4.8,4.6,1.4,0.4,2.5,2.5,19.8,384,2021
2515,Victor Oladipo,SG,28,IND,9,33.3,7.1,16.9,2.8,7.7,4.3,9.2,3.0,4.1,0.1,5.6,5.7,4.2,1.7,0.2,2.0,2.6,20.0,384,2021
2516,Victor Oladipo,SG,28,HOU,20,33.5,7.8,19.1,2.5,7.7,5.3,11.4,3.3,4.2,0.4,4.4,4.8,5.0,1.2,0.5,2.6,2.3,21.2,384,2021
2517,Victor Oladipo,SG,28,MIA,4,27.8,4.0,10.8,1.0,4.3,3.0,6.5,3.0,4.5,0.8,2.8,3.5,3.5,1.8,0.5,3.5,3.3,12.0,384,2021
2518,Cameron Oliver,SF,24,HOU,4,21.8,4.8,8.3,1.0,3.3,3.8,5.0,0.3,1.0,1.3,4.0,5.3,1.3,0.5,1.0,0.8,2.8,10.8,385,2021
2519,Kelly Olynyk,C-PF,29,TOT,70,28.5,4.8,10.0,1.8,5.3,3.0,4.7,2.1,2.5,1.2,5.7,7.0,2.9,1.1,0.6,1.8,3.0,13.5,386,2021
2520,Kelly Olynyk,C,29,MIA,43,26.9,3.8,8.7,1.8,5.7,2.0,3.1,0.7,0.9,1.0,5.0,6.1,2.1,0.9,0.6,1.3,2.9,10.0,386,2021
2521,Kelly Olynyk,PF,29,HOU,27,31.1,6.5,11.9,1.8,4.6,4.7,7.3,4.2,5.0,1.6,6.9,8.4,4.1,1.4,0.6,2.6,3.1,19.0,386,2021
2522,Miye Oni,SG,23,UTA,54,9.6,0.6,1.8,0.6,1.6,0.1,0.2,0.1,0.1,0.4,1.1,1.6,0.5,0.2,0.1,0.3,1.1,1.9,387,2021
2523,Cedi Osman,SF,25,CLE,59,25.6,3.7,9.9,1.7,5.5,2.0,4.4,1.3,1.6,0.6,2.8,3.4,2.9,0.9,0.2,1.4,2.0,10.4,388,2021
2524,Daniel Oturu,C,21,LAC,30,5.4,0.7,1.7,0.0,0.2,0.7,1.6,0.3,0.4,0.7,0.9,1.6,0.3,0.1,0.2,0.3,0.8,1.8,389,2021
2525,Kelly Oubre Jr.,SF,25,GSW,55,30.7,5.8,13.2,1.6,5.2,4.1,8.0,2.2,3.2,1.5,4.5,6.0,1.3,1.0,0.8,1.3,2.2,15.4,390,2021
2526,Jabari Parker,PF,25,TOT,13,12.7,2.3,4.2,0.2,0.8,2.2,3.4,0.8,1.0,0.8,2.5,3.2,0.8,0.1,0.4,0.8,1.0,5.5,391,2021
2527,Jabari Parker,PF,25,SAC,3,9.0,1.3,2.3,0.0,0.3,1.3,2.0,0.0,0.0,0.3,1.7,2.0,0.3,0.0,0.3,1.0,1.3,2.7,391,2021
2528,Jabari Parker,PF,25,BOS,10,13.8,2.6,4.8,0.2,1.0,2.4,3.8,1.0,1.3,0.9,2.7,3.6,1.0,0.1,0.4,0.7,0.9,6.4,391,2021
2529,Eric Paschall,PF,24,GSW,40,17.4,3.7,7.5,0.5,1.4,3.3,6.1,1.7,2.4,0.7,2.5,3.2,1.3,0.3,0.2,1.1,1.7,9.5,392,2021
2530,Anžejs Pasečņiks,C,25,WAS,1,6.0,0.0,1.0,0.0,1.0,0.0,0.0,0.0,0.0,1.0,0.0,1.0,1.0,0.0,0.0,5.0,2.0,0.0,393,2021
2531,Patrick Patterson,PF,31,LAC,38,15.3,1.9,4.3,1.1,2.9,0.8,1.4,0.3,0.4,0.5,1.5,2.0,0.8,0.4,0.2,0.3,1.2,5.2,394,2021
2532,Justin Patton,C,23,HOU,13,19.0,2.2,5.4,0.7,2.6,1.5,2.8,0.2,0.3,1.1,2.7,3.8,1.1,0.9,1.1,0.3,2.6,5.4,395,2021
2533,Chris Paul,PG,35,PHO,70,31.4,6.3,12.6,1.5,3.7,4.8,8.9,2.4,2.6,0.4,4.1,4.5,8.9,1.4,0.3,2.2,2.4,16.4,396,2021
2534,Cameron Payne,PG,26,PHO,60,18.0,3.2,6.6,1.2,2.8,2.0,3.8,0.8,0.9,0.3,2.1,2.4,3.6,0.6,0.3,1.0,1.6,8.4,397,2021
2535,Elfrid Payton,PG,26,NYK,63,23.6,4.3,9.9,0.4,1.6,3.8,8.3,1.2,1.7,1.0,2.4,3.4,3.2,0.7,0.1,1.6,1.8,10.1,398,2021
2536,Gary Payton II,PG,28,GSW,10,4.0,1.0,1.3,0.2,0.4,0.8,0.9,0.3,0.4,0.2,0.9,1.1,0.1,0.6,0.1,0.1,0.8,2.5,399,2021
2537,Norvel Pelle,C,27,TOT,13,6.5,0.6,1.2,0.0,0.0,0.6,1.2,0.3,0.5,0.5,1.0,1.5,0.2,0.1,0.7,0.2,1.1,1.5,400,2021
2538,Norvel Pelle,C,27,BRK,3,9.3,1.0,2.3,0.0,0.0,1.0,2.3,0.0,0.0,1.0,1.3,2.3,0.0,0.0,1.0,1.0,3.0,2.0,400,2021
2539,Norvel Pelle,C,27,SAC,1,4.0,0.0,1.0,0.0,0.0,0.0,1.0,3.0,4.0,1.0,0.0,1.0,1.0,0.0,0.0,0.0,1.0,3.0,400,2021
2540,Norvel Pelle,C,27,NYK,9,5.8,0.6,0.8,0.0,0.0,0.6,0.8,0.1,0.2,0.2,1.0,1.2,0.1,0.1,0.7,0.0,0.4,1.2,400,2021
2541,Reggie Perry,PF,20,BRK,26,8.1,1.2,3.0,0.2,0.8,1.1,2.2,0.4,0.5,1.0,1.8,2.8,0.5,0.2,0.2,0.6,1.5,3.0,401,2021
2542,Theo Pinson,SG,25,NYK,17,2.0,0.1,0.5,0.0,0.5,0.1,0.1,0.0,0.0,0.0,0.3,0.3,0.1,0.0,0.0,0.1,0.2,0.1,402,2021
2543,Mason Plumlee,C,30,DET,56,26.8,4.2,6.8,0.0,0.1,4.2,6.7,2.0,3.0,2.6,6.7,9.3,3.6,0.8,0.9,1.9,3.3,10.4,403,2021
2544,Jakob Poeltl,C,25,SAS,69,26.7,3.8,6.2,0.0,0.0,3.8,6.2,0.9,1.8,3.2,4.8,7.9,1.9,0.7,1.8,1.2,2.5,8.6,404,2021
2545,Vincent Poirier,C,27,PHI,10,3.9,0.3,1.2,0.0,0.1,0.3,1.1,0.2,0.6,0.6,0.8,1.4,0.2,0.0,0.3,0.4,0.8,0.8,405,2021
2546,Aleksej Pokusevski,PF,19,OKC,45,24.2,3.1,9.1,1.3,4.6,1.8,4.5,0.7,0.9,0.7,4.0,4.7,2.2,0.4,0.9,2.2,1.3,8.2,406,2021
2547,Jordan Poole,SG,21,GSW,51,19.4,4.0,9.3,1.9,5.4,2.1,3.9,2.1,2.3,0.3,1.5,1.8,1.9,0.5,0.2,1.0,1.7,12.0,407,2021
2548,Jontay Porter,PF,21,MEM,11,4.9,0.7,1.4,0.3,0.7,0.5,0.6,0.3,0.5,0.4,0.9,1.3,0.1,0.3,0.1,0.6,1.1,2.0,408,2021
2549,Kevin Porter Jr.,SG,20,HOU,26,32.1,6.0,14.1,1.9,6.2,4.1,7.9,2.7,3.6,0.8,3.0,3.8,6.3,0.7,0.3,3.5,2.3,16.6,409,2021
2550,Michael Porter Jr.,SF,22,DEN,61,31.3,7.3,13.4,2.8,6.3,4.5,7.1,1.7,2.2,1.5,5.8,7.3,1.1,0.7,0.9,1.3,2.1,19.0,410,2021
2551,Otto Porter,SF-PF,27,TOT,28,21.6,3.5,8.1,1.4,3.7,2.1,4.4,1.3,1.5,1.0,4.4,5.4,2.0,0.6,0.1,0.9,1.5,9.7,411,2021
2552,Otto Porter,SF,27,CHI,25,21.6,3.6,8.1,1.5,3.8,2.0,4.3,1.2,1.5,1.1,4.4,5.5,2.0,0.5,0.2,1.0,1.5,9.9,411,2021
2553,Otto Porter,PF,27,ORL,3,22.0,3.0,8.3,0.3,3.0,2.7,5.3,1.7,1.7,0.0,4.7,4.7,1.7,1.3,0.0,0.0,1.3,8.0,411,2021
2554,Bobby Portis,C,25,MIL,66,20.8,4.7,9.1,1.1,2.4,3.6,6.7,0.8,1.1,1.9,5.2,7.1,1.1,0.8,0.4,0.8,1.7,11.4,412,2021
2555,Kristaps Porziņģis,C,25,DAL,43,30.9,7.6,15.9,2.3,6.0,5.3,9.9,2.7,3.2,1.9,7.0,8.9,1.6,0.5,1.3,1.2,2.7,20.1,413,2021
2556,Dwight Powell,C,29,DAL,58,16.7,2.1,3.3,0.1,0.4,2.0,3.0,1.7,2.1,1.4,2.7,4.0,1.1,0.6,0.5,0.7,2.3,5.9,414,2021
2557,Norman Powell,SG-SF,27,TOT,69,32.0,6.3,13.3,2.5,6.0,3.9,7.3,3.4,3.9,0.6,2.5,3.1,1.9,1.2,0.3,1.7,2.3,18.6,415,2021
2558,Norman Powell,SG,27,TOR,42,30.4,6.7,13.5,2.8,6.4,3.9,7.1,3.4,3.9,0.5,2.5,3.0,1.8,1.1,0.2,1.8,2.3,19.6,415,2021
2559,Norman Powell,SF,27,POR,27,34.4,5.8,13.0,2.0,5.4,3.8,7.6,3.5,4.0,0.9,2.4,3.3,1.9,1.3,0.4,1.6,2.3,17.0,415,2021
2560,Taurean Prince,PF,26,TOT,41,22.1,3.2,8.0,1.5,3.8,1.7,4.2,1.6,1.9,0.5,3.0,3.5,1.9,0.7,0.6,1.1,1.8,9.5,416,2021
2561,Taurean Prince,PF,26,BRK,12,18.2,2.5,6.2,1.1,3.1,1.4,3.1,2.0,2.3,0.2,2.7,2.8,0.6,0.7,0.7,0.9,1.8,8.1,416,2021
2562,Taurean Prince,PF,26,CLE,29,23.7,3.5,8.7,1.7,4.1,1.8,4.7,1.4,1.7,0.6,3.1,3.7,2.4,0.7,0.5,1.2,1.9,10.1,416,2021
2563,Payton Pritchard,SG,23,BOS,66,19.2,2.8,6.3,1.5,3.8,1.2,2.6,0.6,0.7,0.5,1.9,2.4,1.8,0.6,0.1,0.8,1.6,7.7,417,2021
2564,Immanuel Quickley,PG,21,NYK,64,19.4,3.6,9.1,1.8,4.7,1.7,4.3,2.4,2.7,0.4,1.8,2.1,2.0,0.5,0.2,0.9,1.8,11.4,418,2021
2565,Jahmi'us Ramsey,SG,19,SAC,13,7.2,1.2,2.9,0.4,1.5,0.8,1.5,0.4,0.4,0.2,0.6,0.8,0.5,0.3,0.1,0.2,0.6,3.1,419,2021
2566,Chasson Randle,PG,27,ORL,41,20.4,2.2,5.8,1.1,3.2,1.2,2.6,0.9,1.2,0.2,1.8,2.0,1.8,0.5,0.1,1.1,1.6,6.5,420,2021
2567,Julius Randle,PF,26,NYK,71,37.6,8.5,18.6,2.3,5.5,6.2,13.1,4.9,6.0,1.2,9.0,10.2,6.0,0.9,0.3,3.4,3.2,24.1,421,2021
2568,Cam Reddish,SF,21,ATL,26,28.8,3.7,10.1,1.3,4.8,2.4,5.3,2.6,3.2,0.8,3.2,4.0,1.3,1.3,0.3,1.3,2.6,11.2,422,2021
2569,J.J. Redick,SG,36,TOT,44,16.4,2.4,6.1,1.5,4.0,0.9,2.0,1.1,1.2,0.1,1.4,1.5,1.2,0.3,0.1,0.8,1.1,7.4,423,2021
2570,J.J. Redick,SG,36,NOP,31,18.6,2.8,6.9,1.6,4.5,1.2,2.4,1.5,1.5,0.1,1.6,1.7,1.3,0.3,0.1,0.8,1.2,8.7,423,2021
2571,J.J. Redick,SG,36,DAL,13,11.3,1.5,4.1,1.2,2.9,0.3,1.2,0.3,0.4,0.1,0.8,0.9,0.8,0.2,0.1,0.8,1.0,4.4,423,2021
2572,Paul Reed,PF,21,PHI,26,6.8,1.6,3.0,0.0,0.2,1.6,2.8,0.2,0.3,1.2,1.2,2.3,0.5,0.4,0.5,0.5,1.1,3.4,424,2021
2573,Naz Reid,C,21,MIN,70,19.2,4.3,8.3,0.9,2.5,3.5,5.8,1.6,2.4,1.2,3.4,4.6,1.0,0.5,1.1,1.0,2.6,11.2,425,2021
2574,Cameron Reynolds,SF,25,TOT,5,8.0,1.2,3.6,0.6,2.4,0.6,1.2,0.0,0.0,0.4,0.6,1.0,0.4,0.0,0.0,0.0,0.4,3.0,426,2021
2575,Cameron Reynolds,SF,25,SAS,3,2.0,0.3,0.7,0.0,0.0,0.3,0.7,0.0,0.0,0.0,0.0,0.0,0.0,0.0,0.0,0.0,0.0,0.7,426,2021
2576,Cameron Reynolds,SF,25,HOU,2,17.0,2.5,8.0,1.5,6.0,1.0,2.0,0.0,0.0,1.0,1.5,2.5,1.0,0.0,0.0,0.0,1.0,6.5,426,2021
2577,Nick Richards,PF,23,CHO,18,3.5,0.2,0.5,0.0,0.1,0.2,0.4,0.4,0.6,0.2,0.4,0.6,0.1,0.0,0.0,0.2,0.4,0.8,427,2021
2578,Josh Richardson,SG,27,DAL,59,30.3,4.5,10.5,1.5,4.5,3.0,5.9,1.7,1.8,0.9,2.4,3.3,2.6,1.0,0.4,1.3,2.2,12.1,428,2021
2579,Grant Riller,PG,23,CHO,7,3.9,1.1,1.7,0.3,0.6,0.9,1.1,0.0,0.0,0.0,0.1,0.1,0.4,0.1,0.0,0.1,0.0,2.6,429,2021
2580,Austin Rivers,SG,28,TOT,36,23.5,2.9,6.8,1.5,4.1,1.4,2.7,0.6,0.9,0.2,2.1,2.3,2.3,0.8,0.1,1.0,1.8,7.9,430,2021
2581,Austin Rivers,SG,28,NYK,21,21.0,2.8,6.4,1.3,3.7,1.4,2.8,0.5,0.7,0.2,2.0,2.2,2.0,0.6,0.0,1.0,1.5,7.3,430,2021
2582,Austin Rivers,SG,28,DEN,15,26.9,3.1,7.3,1.8,4.8,1.3,2.5,0.8,1.1,0.2,2.1,2.3,2.6,1.2,0.1,0.9,2.1,8.7,430,2021
2583,Andre Roberson,SG,29,BRK,5,12.6,0.4,2.8,0.2,1.6,0.2,1.2,0.2,0.4,1.4,1.6,3.0,0.8,0.6,0.2,0.4,0.8,1.2,431,2021
2584,Duncan Robinson,SF,26,MIA,72,31.4,4.4,10.0,3.5,8.5,0.9,1.4,0.9,1.0,0.1,3.4,3.5,1.8,0.6,0.3,1.1,2.5,13.1,432,2021
2585,Glenn Robinson III,SF,27,SAC,23,16.0,1.8,4.3,0.7,1.9,1.1,2.4,0.9,1.0,0.5,1.5,2.0,0.9,0.2,0.1,0.5,1.0,5.3,433,2021
2586,Jerome Robinson,SG,23,WAS,17,17.9,1.6,5.6,0.6,2.5,1.0,3.1,0.9,1.2,0.2,2.0,2.2,1.5,0.7,0.4,1.1,1.8,4.9,434,2021
2587,Justin Robinson,PG,23,OKC,9,9.8,0.8,2.3,0.4,1.6,0.3,0.8,0.3,0.6,0.1,0.7,0.8,1.0,0.3,0.0,0.2,1.1,2.3,435,2021
2588,Mitchell Robinson,C,22,NYK,31,27.5,3.7,5.7,0.0,0.0,3.7,5.7,0.8,1.7,3.6,4.5,8.1,0.5,1.1,1.5,0.8,2.8,8.3,436,2021
2589,Isaiah Roby,PF,22,OKC,61,23.4,3.4,7.0,0.5,1.8,2.9,5.2,1.4,1.9,1.5,4.1,5.6,1.8,0.9,0.6,1.9,2.7,8.7,437,2021
2590,Rajon Rondo,PG,34,TOT,45,17.1,2.1,4.8,0.8,2.0,1.3,2.8,0.4,0.4,0.4,2.0,2.4,4.4,0.8,0.1,1.8,1.2,5.4,438,2021
2591,Rajon Rondo,PG,34,ATL,27,14.9,1.6,4.1,0.6,1.7,1.0,2.4,0.0,0.1,0.1,1.9,2.0,3.5,0.7,0.1,1.4,0.9,3.9,438,2021
2592,Rajon Rondo,PG,34,LAC,18,20.4,2.8,5.8,1.1,2.4,1.8,3.4,0.8,0.8,0.8,2.3,3.1,5.8,1.0,0.1,2.2,1.6,7.6,438,2021
2593,Derrick Rose,PG,32,TOT,50,25.6,5.7,12.2,1.0,2.6,4.7,9.6,2.2,2.5,0.4,2.2,2.6,4.2,1.0,0.4,1.6,1.1,14.7,439,2021
2594,Derrick Rose,PG,32,DET,15,22.8,5.3,12.3,0.9,2.6,4.4,9.7,2.8,3.3,0.4,1.5,1.9,4.2,1.2,0.3,1.9,1.1,14.2,439,2021
2595,Derrick Rose,PG,32,NYK,35,26.8,5.9,12.2,1.1,2.6,4.9,9.6,1.9,2.2,0.4,2.5,2.9,4.2,0.9,0.4,1.4,1.1,14.9,439,2021
2596,Terrence Ross,SG,29,ORL,46,29.3,5.5,13.4,1.9,5.7,3.6,7.7,2.6,3.0,0.3,3.1,3.4,2.3,1.0,0.5,1.6,1.9,15.6,440,2021
2597,Terry Rozier,SG,26,CHO,69,34.5,7.4,16.4,3.2,8.3,4.2,8.2,2.4,2.9,0.7,3.7,4.4,4.2,1.3,0.4,1.9,1.7,20.4,441,2021
2598,Ricky Rubio,PG,30,MIN,68,26.1,2.8,7.3,1.0,3.1,1.9,4.2,1.9,2.2,0.4,2.9,3.3,6.4,1.4,0.1,1.6,2.0,8.6,442,2021
2599,D'Angelo Russell,PG,24,MIN,42,28.5,6.7,15.5,2.9,7.4,3.8,8.1,2.7,3.5,0.4,2.3,2.6,5.8,1.1,0.4,2.7,1.6,19.0,443,2021
2600,Domantas Sabonis,PF,24,IND,62,36.0,7.8,14.6,0.8,2.6,7.0,12.0,3.9,5.3,2.4,9.5,12.0,6.7,1.2,0.5,3.4,3.3,20.3,444,2021
2601,Luka Šamanić,PF,21,SAS,33,9.3,1.4,3.2,0.4,1.3,1.1,1.9,0.5,0.9,0.5,1.6,2.1,0.5,0.2,0.2,0.6,1.3,3.7,445,2021
2602,JaKarr Sampson,PF,27,IND,29,10.9,1.9,3.9,0.1,0.5,1.8,3.4,0.7,1.0,0.9,1.7,2.7,0.1,0.1,0.5,0.5,1.8,4.6,446,2021
2603,Dario Šarić,C,26,PHO,50,17.4,3.1,6.8,0.9,2.7,2.1,4.1,1.7,2.0,0.9,2.9,3.8,1.3,0.6,0.1,1.1,1.9,8.7,447,2021
2604,Tomáš Satoranský,SG,29,CHI,58,22.5,2.9,5.7,0.7,2.0,2.2,3.6,1.2,1.4,0.5,1.9,2.4,4.7,0.7,0.2,1.7,1.5,7.7,448,2021
2605,Dennis Schröder,SG,27,LAL,61,32.1,5.4,12.5,1.2,3.5,4.3,9.0,3.4,4.0,0.5,3.0,3.5,5.8,1.1,0.2,2.7,2.6,15.4,449,2021
2606,Mike Scott,PF,32,PHI,51,16.7,1.5,4.1,1.0,3.0,0.5,1.1,0.2,0.2,0.2,2.1,2.4,0.8,0.5,0.3,0.4,1.4,4.2,450,2021
2607,Jay Scrubb,SG,20,LAC,4,21.0,3.5,9.0,0.5,2.3,3.0,6.8,1.3,1.3,0.5,3.0,3.5,0.3,1.0,0.0,1.8,1.3,8.8,451,2021
2608,Collin Sexton,SG,22,CLE,60,35.3,8.8,18.4,1.6,4.4,7.1,14.0,5.2,6.4,1.0,2.2,3.1,4.4,1.0,0.2,2.8,2.6,24.3,452,2021
2609,Landry Shamet,SG,23,BRK,61,23.0,3.0,7.5,2.1,5.5,0.9,2.0,1.1,1.3,0.2,1.7,1.8,1.6,0.5,0.2,0.8,1.5,9.3,453,2021
2610,Iman Shumpert,SG,30,BRK,2,5.5,0.5,2.0,0.0,1.5,0.5,0.5,0.0,0.0,0.5,0.0,0.5,0.0,0.5,0.0,0.5,0.0,1.0,454,2021
2611,Pascal Siakam,PF,26,TOR,56,35.8,7.8,17.2,1.3,4.4,6.5,12.8,4.4,5.4,1.7,5.5,7.2,4.5,1.1,0.7,2.3,3.1,21.4,455,2021
2612,Chris Silva,PF,24,TOT,15,6.1,0.7,1.1,0.1,0.1,0.6,1.0,0.7,1.0,0.5,1.3,1.8,0.4,0.1,0.4,0.7,1.6,2.1,456,2021
2613,Chris Silva,PF,24,MIA,11,7.5,0.8,1.2,0.1,0.1,0.7,1.1,1.0,1.4,0.6,1.6,2.3,0.5,0.1,0.5,0.8,1.8,2.7,456,2021
2614,Chris Silva,PF,24,SAC,4,2.3,0.3,0.8,0.0,0.0,0.3,0.8,0.0,0.0,0.0,0.5,0.5,0.0,0.0,0.3,0.3,1.0,0.5,456,2021
2615,Ben Simmons,PG,24,PHI,58,32.4,5.6,10.1,0.1,0.2,5.6,9.9,3.0,4.9,1.6,5.6,7.2,6.9,1.6,0.6,3.0,2.9,14.3,457,2021
2616,Anfernee Simons,SG,21,POR,64,17.3,2.6,6.3,1.9,4.4,0.8,1.9,0.7,0.9,0.2,2.0,2.2,1.4,0.3,0.1,0.7,1.5,7.8,458,2021
2617,Deividas Sirvydis,SG,20,DET,20,6.7,0.7,2.0,0.5,1.4,0.2,0.6,0.2,0.3,0.0,1.5,1.5,0.3,0.1,0.0,0.3,0.5,2.1,459,2021
2618,Alen Smailagić,PF,20,GSW,15,5.6,0.7,1.8,0.3,0.7,0.5,1.1,0.1,0.4,0.4,0.7,1.1,0.3,0.2,0.3,0.3,0.7,1.9,460,2021
2619,Marcus Smart,PG,26,BOS,48,32.9,4.2,10.6,1.9,5.9,2.3,4.8,2.7,3.4,0.8,2.7,3.5,5.7,1.5,0.5,2.0,2.6,13.1,461,2021
2620,Dennis Smith Jr.,PG,23,TOT,23,18.3,2.5,6.3,0.8,2.5,1.7,3.8,0.8,1.1,0.5,1.9,2.4,3.3,1.0,0.6,1.1,1.6,6.7,462,2021
2621,Dennis Smith Jr.,PG,23,NYK,3,9.3,0.7,3.3,0.0,1.3,0.7,2.0,1.7,2.0,0.0,0.7,0.7,1.0,1.0,0.0,0.3,1.3,3.0,462,2021
2622,Dennis Smith Jr.,PG,23,DET,20,19.6,2.8,6.8,1.0,2.7,1.9,4.1,0.7,1.0,0.6,2.1,2.7,3.7,1.0,0.7,1.3,1.7,7.3,462,2021
2623,Ish Smith,PG,32,WAS,44,21.0,2.9,6.8,0.4,1.1,2.5,5.6,0.4,0.8,0.5,2.9,3.4,3.9,0.7,0.3,0.9,1.4,6.7,463,2021
2624,Jalen Smith,PF,20,PHO,27,5.8,0.8,1.9,0.1,0.6,0.7,1.2,0.2,0.3,0.3,1.1,1.4,0.1,0.0,0.2,0.3,0.6,2.0,464,2021
2625,Tony Snell,SG,29,ATL,47,21.1,1.9,3.6,1.3,2.3,0.6,1.3,0.2,0.2,0.4,2.0,2.4,1.3,0.3,0.2,0.4,1.6,5.3,465,2021
2626,Ray Spalding,C,23,HOU,2,9.5,1.0,2.0,0.0,0.5,1.0,1.5,0.0,1.0,1.0,1.0,2.0,0.0,0.0,1.0,1.5,1.5,2.0,466,2021
2627,Cassius Stanley,SG,21,IND,24,3.9,0.5,1.8,0.1,0.5,0.4,1.3,0.3,0.4,0.3,0.5,0.8,0.0,0.0,0.1,0.0,0.6,1.5,467,2021
2628,Lamar Stevens,PF,23,CLE,40,12.5,1.6,3.4,0.1,0.6,1.5,2.8,0.9,1.3,0.6,1.8,2.4,0.6,0.4,0.3,0.6,1.3,4.1,468,2021
2629,Isaiah Stewart,C,19,DET,68,21.4,3.3,6.0,0.3,0.9,3.0,5.1,0.9,1.4,2.3,4.3,6.7,0.9,0.6,1.3,1.0,2.7,7.9,469,2021
2630,Max Strus,SF,24,MIA,39,13.0,2.2,4.8,1.3,3.8,0.9,1.0,0.4,0.6,0.1,0.9,1.1,0.6,0.3,0.1,0.2,1.1,6.1,470,2021
2631,Edmond Sumner,SG,25,IND,53,16.2,2.8,5.3,0.7,1.7,2.1,3.7,1.3,1.6,0.3,1.4,1.8,0.9,0.6,0.2,1.0,1.7,7.5,471,2021
2632,Jae'Sean Tate,SF,25,HOU,70,29.2,4.5,8.9,0.9,2.8,3.7,6.1,1.5,2.1,1.9,3.5,5.3,2.5,1.2,0.5,1.4,3.2,11.3,472,2021
2633,Jayson Tatum,SF,22,BOS,64,35.8,9.5,20.6,2.9,7.6,6.5,13.0,4.6,5.3,0.8,6.6,7.4,4.3,1.2,0.5,2.7,1.9,26.4,473,2021
2634,Jeff Teague,PG,32,TOT,55,17.3,2.2,5.2,0.7,1.5,1.6,3.7,1.6,1.9,0.3,1.3,1.6,2.4,0.6,0.2,1.2,1.0,6.7,474,2021
2635,Jeff Teague,PG,32,BOS,34,18.1,2.3,5.5,0.8,1.6,1.5,3.9,1.5,1.8,0.3,1.4,1.7,2.1,0.8,0.2,1.1,1.3,6.9,474,2021
2636,Jeff Teague,PG,32,MIL,21,15.9,2.1,4.6,0.5,1.2,1.7,3.3,1.8,2.1,0.2,1.2,1.5,2.8,0.4,0.2,1.2,0.6,6.6,474,2021
2637,Garrett Temple,SG,34,CHI,56,27.3,2.8,6.8,1.2,3.6,1.6,3.2,0.7,0.9,0.5,2.3,2.9,2.2,0.8,0.5,1.0,2.3,7.6,475,2021
2638,Tyrell Terry,PG,20,DAL,11,5.1,0.5,1.5,0.0,0.6,0.5,0.8,0.1,0.3,0.0,0.5,0.5,0.5,0.5,0.0,0.2,0.2,1.0,476,2021
2639,Daniel Theis,C,28,TOT,65,24.6,3.9,7.2,0.8,2.3,3.1,4.8,1.1,1.7,1.4,4.0,5.5,1.7,0.6,0.9,1.0,2.6,9.6,477,2021
2640,Daniel Theis,C,28,BOS,42,24.5,3.8,6.9,0.8,2.3,3.0,4.6,1.1,1.6,1.3,4.0,5.2,1.6,0.6,1.0,1.0,2.9,9.5,477,2021
2641,Daniel Theis,C,28,CHI,23,25.0,4.0,7.7,0.7,2.5,3.3,5.3,1.2,1.9,1.7,4.2,5.9,1.8,0.7,0.6,1.1,2.0,10.0,477,2021
2642,Brodric Thomas,SG,24,TOT,32,12.5,1.2,3.4,0.5,1.8,0.7,1.5,1.0,1.4,0.3,1.4,1.7,0.9,0.5,0.3,0.7,1.3,3.9,478,2021
2643,Brodric Thomas,SG,24,HOU,4,6.0,0.5,1.8,0.3,1.5,0.3,0.3,1.3,1.8,0.3,0.8,1.0,1.0,0.3,0.3,1.0,1.3,2.5,478,2021
2644,Brodric Thomas,SG,24,CLE,28,13.4,1.3,3.6,0.5,1.9,0.8,1.7,0.9,1.4,0.3,1.5,1.8,0.9,0.5,0.3,0.6,1.3,4.1,478,2021
2645,Isaiah Thomas,PG,31,NOP,3,16.0,3.0,9.0,1.0,4.0,2.0,5.0,0.7,0.7,0.3,1.0,1.3,1.7,0.3,0.0,2.0,1.0,7.7,479,2021
2646,Khyri Thomas,SG,24,HOU,5,30.6,6.4,13.2,1.8,5.4,4.6,7.8,1.8,1.8,1.4,2.2,3.6,5.0,1.8,1.2,1.2,1.6,16.4,480,2021
2647,Matt Thomas,SG,26,TOT,45,7.2,1.1,2.8,0.6,1.8,0.5,1.0,0.3,0.3,0.2,0.8,1.0,0.4,0.1,0.0,0.3,0.4,3.1,481,2021
2648,Matt Thomas,SG,26,TOR,26,7.4,0.9,2.4,0.7,1.6,0.3,0.8,0.2,0.3,0.1,0.7,0.8,0.3,0.1,0.0,0.2,0.4,2.7,481,2021
2649,Matt Thomas,SG,26,UTA,19,7.1,1.4,3.4,0.5,2.1,0.8,1.4,0.3,0.4,0.2,1.0,1.2,0.5,0.1,0.0,0.4,0.4,3.6,481,2021
2650,Tristan Thompson,PF,29,BOS,54,23.8,3.1,6.0,0.0,0.1,3.1,6.0,1.3,2.2,3.1,5.0,8.1,1.2,0.4,0.6,1.1,2.2,7.6,482,2021
2651,Sindarius Thornwell,SG,26,TOT,21,10.3,0.7,2.2,0.3,1.1,0.4,1.1,0.2,0.4,0.1,0.7,0.9,1.0,0.6,0.1,0.3,0.7,2.0,483,2021
2652,Sindarius Thornwell,SG,26,NOP,14,5.2,0.5,1.5,0.2,0.6,0.3,0.9,0.0,0.1,0.1,0.3,0.4,0.3,0.4,0.1,0.3,0.2,1.2,483,2021
2653,Sindarius Thornwell,SG,26,ORL,7,20.6,1.1,3.6,0.6,2.0,0.6,1.6,0.6,0.9,0.3,1.6,1.9,2.4,1.1,0.1,0.4,1.7,3.4,483,2021
2654,Matisse Thybulle,SG,23,PHI,65,20.0,1.6,3.7,0.7,2.2,0.9,1.5,0.1,0.3,0.5,1.4,1.9,1.0,1.6,1.1,0.5,2.0,3.9,484,2021
2655,Killian Tillie,C,22,MEM,18,10.1,1.1,3.2,0.6,1.8,0.5,1.3,0.5,0.6,0.3,1.0,1.3,0.4,0.3,0.4,0.1,1.1,3.2,485,2021
2656,Xavier Tillman Sr.,PF,22,MEM,59,18.4,2.8,5.1,0.4,1.1,2.5,4.0,0.6,0.9,1.3,3.1,4.3,1.3,0.7,0.6,0.8,2.0,6.6,486,2021
2657,Anthony Tolliver,PF,35,PHI,11,9.0,0.4,1.5,0.4,1.3,0.0,0.3,0.5,0.5,0.3,0.6,0.9,0.2,0.3,0.2,0.3,0.6,1.5,487,2021
2658,Obi Toppin,PF,22,NYK,62,11.0,1.7,3.4,0.4,1.4,1.3,2.0,0.3,0.4,0.4,1.8,2.2,0.5,0.3,0.2,0.4,0.9,4.1,488,2021
2659,Juan Toscano-Anderson,SG,27,GSW,53,20.9,2.3,3.9,0.7,1.7,1.6,2.2,0.4,0.6,0.5,3.9,4.4,2.8,0.8,0.5,1.2,2.1,5.7,489,2021
2660,Axel Toupane,SF,28,MIL,8,7.6,0.5,1.4,0.1,0.3,0.4,1.1,0.6,0.9,0.0,0.8,0.8,0.5,0.3,0.4,0.0,0.8,1.8,490,2021
2661,Karl-Anthony Towns,C,25,MIN,50,33.8,8.5,17.5,2.4,6.3,6.1,11.2,5.3,6.2,2.7,7.9,10.6,4.5,0.8,1.1,3.2,3.7,24.8,491,2021
2662,Gary Trent Jr.,SG,22,TOT,58,31.1,5.5,13.5,2.8,7.4,2.7,6.1,1.4,1.8,0.5,2.2,2.6,1.4,1.0,0.2,0.7,1.6,15.3,492,2021
2663,Gary Trent Jr.,SG,22,POR,41,30.8,5.3,12.8,3.0,7.4,2.3,5.3,1.4,1.8,0.5,1.7,2.2,1.4,0.9,0.1,0.8,1.5,15.0,492,2021
2664,Gary Trent Jr.,SG,22,TOR,17,31.8,6.1,15.4,2.6,7.3,3.5,8.1,1.5,1.8,0.4,3.2,3.6,1.3,1.1,0.2,0.7,1.7,16.2,492,2021
2665,P.J. Tucker,PF,35,TOT,52,26.1,1.3,3.4,0.8,2.3,0.5,1.1,0.4,0.5,1.0,2.9,3.9,1.2,0.8,0.4,0.8,2.4,3.7,493,2021
2666,P.J. Tucker,PF,35,HOU,32,30.0,1.5,4.1,0.8,2.7,0.7,1.4,0.6,0.7,1.0,3.6,4.6,1.4,0.9,0.6,1.0,2.8,4.4,493,2021
2667,P.J. Tucker,PF,35,MIL,20,19.9,0.9,2.3,0.7,1.7,0.3,0.7,0.2,0.3,0.9,1.9,2.8,0.8,0.5,0.1,0.4,1.7,2.6,493,2021
2668,Rayjon Tucker,PG,23,PHI,14,4.9,0.6,1.3,0.1,0.5,0.5,0.8,1.0,1.4,0.1,0.7,0.8,0.4,0.1,0.0,0.3,0.6,2.4,494,2021
2669,Myles Turner,C,24,IND,47,31.0,4.4,9.2,1.5,4.4,2.9,4.8,2.4,3.0,1.3,5.2,6.5,1.0,0.9,3.4,1.4,3.5,12.6,495,2021
2670,Jonas Valančiūnas,C,28,MEM,62,28.3,7.1,12.0,0.3,0.9,6.8,11.1,2.5,3.3,4.1,8.4,12.5,1.8,0.6,0.9,1.6,2.9,17.1,496,2021
2671,Denzel Valentine,SG,27,CHI,62,16.7,2.5,6.7,1.3,3.9,1.2,2.8,0.3,0.3,0.4,2.8,3.2,1.7,0.5,0.1,0.7,1.1,6.5,497,2021
2672,Jarred Vanderbilt,PF,21,MIN,64,17.8,2.2,3.7,0.0,0.1,2.2,3.6,0.9,1.6,1.8,3.9,5.8,1.2,1.0,0.7,0.8,1.9,5.4,498,2021
2673,Fred VanVleet,SG,26,TOR,52,36.5,6.5,16.7,3.3,9.2,3.2,7.6,3.3,3.7,0.6,3.6,4.2,6.3,1.7,0.7,1.8,2.3,19.6,499,2021
2674,Anderson Varejão,C,38,CLE,5,7.2,0.8,3.2,0.0,0.2,0.8,3.0,1.0,1.8,1.4,2.6,4.0,0.6,0.0,0.4,0.2,0.6,2.6,500,2021
2675,Devin Vassell,SF,20,SAS,62,17.0,2.0,4.9,0.8,2.4,1.1,2.5,0.7,0.8,0.4,2.4,2.8,0.9,0.7,0.3,0.4,1.4,5.5,501,2021
2676,Gabe Vincent,PG,24,MIA,50,13.1,1.8,4.7,0.9,3.0,0.8,1.7,0.4,0.5,0.2,0.9,1.1,1.3,0.4,0.0,0.7,1.6,4.8,502,2021
2677,Noah Vonleh,PF,25,BRK,4,2.8,0.0,0.8,0.0,0.5,0.0,0.3,0.0,0.0,0.0,0.3,0.3,0.3,0.0,0.0,0.5,0.5,0.0,503,2021
2678,Nikola Vučević,C,30,TOT,70,33.5,9.5,19.9,2.5,6.3,7.0,13.7,1.9,2.2,2.1,9.6,11.7,3.8,0.9,0.7,1.8,2.0,23.4,504,2021
2679,Nikola Vučević,C,30,ORL,44,34.1,9.9,20.6,2.7,6.5,7.3,14.1,2.1,2.5,2.0,9.8,11.8,3.8,1.0,0.6,1.9,1.8,24.5,504,2021
2680,Nikola Vučević,C,30,CHI,26,32.6,8.8,18.8,2.3,5.8,6.6,12.9,1.5,1.8,2.3,9.3,11.5,3.9,0.9,0.8,1.7,2.2,21.5,504,2021
2681,Dean Wade,PF,24,CLE,63,19.2,2.1,4.9,1.2,3.4,0.9,1.6,0.5,0.6,0.6,2.8,3.4,1.2,0.6,0.3,0.5,1.2,6.0,505,2021
2682,Moritz Wagner,C,23,TOT,45,16.0,2.3,5.1,0.7,2.0,1.6,3.1,1.6,1.9,0.6,2.6,3.2,1.1,0.6,0.4,1.0,2.4,6.9,506,2021
2683,Moritz Wagner,C,23,WAS,25,15.0,2.5,4.9,0.5,1.7,2.0,3.2,1.6,2.1,0.5,2.4,2.9,1.3,0.9,0.3,0.8,2.5,7.1,506,2021
2684,Moritz Wagner,C,23,BOS,9,6.8,0.4,1.6,0.2,0.7,0.2,0.9,0.1,0.2,0.3,1.8,2.1,0.7,0.0,0.1,1.0,1.1,1.2,506,2021
2685,Moritz Wagner,C,23,ORL,11,26.0,3.5,8.5,1.5,3.9,2.0,4.5,2.6,3.0,1.0,3.9,4.9,1.1,0.4,0.8,1.2,3.3,11.0,506,2021
2686,Kemba Walker,PG,30,BOS,43,31.8,6.6,15.7,3.0,8.2,3.7,7.5,3.1,3.5,0.4,3.6,4.0,4.9,1.1,0.3,2.0,1.4,19.3,507,2021
2687,Lonnie Walker,SG,22,SAS,60,25.4,4.3,10.2,1.7,4.7,2.6,5.5,1.0,1.2,0.2,2.4,2.6,1.7,0.5,0.3,1.1,1.7,11.2,508,2021
2688,John Wall,PG,30,HOU,40,32.2,7.3,18.2,2.0,6.2,5.4,11.9,4.0,5.3,0.4,2.8,3.2,6.9,1.1,0.8,3.5,1.2,20.6,509,2021
2689,Brad Wanamaker,PG,31,TOT,61,17.3,1.9,4.9,0.3,1.4,1.6,3.5,1.5,1.7,0.3,1.4,1.7,2.9,0.7,0.2,1.2,1.5,5.5,510,2021
2690,Brad Wanamaker,PG,31,GSW,39,16.0,1.6,4.4,0.3,1.6,1.2,2.9,1.3,1.4,0.2,1.5,1.7,2.5,0.7,0.2,0.9,1.4,4.7,510,2021
2691,Brad Wanamaker,PG,31,CHO,22,19.5,2.5,5.7,0.1,1.1,2.3,4.6,1.8,2.0,0.5,1.3,1.8,3.4,0.8,0.2,1.5,1.8,6.9,510,2021
2692,T.J. Warren,SF,27,IND,4,29.3,6.8,12.8,0.0,1.8,6.8,11.0,2.0,2.5,0.5,3.0,3.5,1.3,0.5,0.0,1.0,4.0,15.5,511,2021
2693,P.J. Washington,PF,22,CHO,64,30.5,4.7,10.7,1.8,4.5,3.0,6.2,1.7,2.3,1.5,5.1,6.5,2.5,1.1,1.2,2.0,2.7,12.9,512,2021
2694,Yuta Watanabe,SF,26,TOR,50,14.5,1.6,3.6,0.7,1.8,0.9,1.8,0.5,0.6,0.7,2.5,3.2,0.8,0.5,0.4,0.4,1.1,4.4,513,2021
2695,Tremont Waters,PG,23,BOS,26,9.2,1.3,3.2,0.6,1.5,0.7,1.8,0.6,0.7,0.2,0.6,0.8,2.4,0.6,0.0,1.0,0.7,3.8,514,2021
2696,Paul Watson,SF,26,TOR,27,11.0,1.4,3.0,1.1,2.4,0.3,0.7,0.2,0.3,0.1,1.5,1.7,0.6,0.2,0.1,0.3,1.3,4.1,515,2021
2697,Quinndary Weatherspoon,SG,24,SAS,20,6.1,0.8,1.8,0.1,0.3,0.8,1.5,0.7,0.8,0.2,0.4,0.6,0.4,0.4,0.1,0.5,0.9,2.3,516,2021
2698,Russell Westbrook,PG,32,WAS,65,36.4,8.4,19.0,1.3,4.2,7.0,14.8,4.2,6.4,1.7,9.9,11.5,11.7,1.4,0.4,4.8,2.9,22.2,517,2021
2699,Coby White,PG,20,CHI,69,31.2,5.4,13.1,2.4,6.6,3.1,6.5,1.9,2.1,0.4,3.7,4.1,4.8,0.6,0.2,2.3,2.6,15.1,518,2021
2700,Derrick White,SG,26,SAS,36,29.6,5.2,12.6,2.3,6.8,2.8,5.8,2.7,3.2,0.4,2.6,3.0,3.5,0.7,1.0,1.3,2.5,15.4,519,2021
2701,Hassan Whiteside,C,31,SAC,36,15.2,3.5,6.2,0.0,0.0,3.5,6.2,1.1,2.2,1.7,4.3,6.0,0.6,0.3,1.3,1.1,2.0,8.1,520,2021
2702,Greg Whittington,PF,27,DEN,4,3.0,0.0,0.8,0.0,0.5,0.0,0.3,0.0,0.0,0.0,0.0,0.0,0.0,0.0,0.0,0.0,0.0,0.0,521,2021
2703,Andrew Wiggins,PF,25,GSW,71,33.3,7.1,14.9,2.0,5.2,5.1,9.7,2.4,3.4,1.2,3.7,4.9,2.4,0.9,1.0,1.8,2.2,18.6,522,2021
2704,Grant Williams,PF,22,BOS,63,18.1,1.7,3.9,0.8,2.0,1.0,1.9,0.5,0.8,0.8,2.1,2.8,1.0,0.5,0.4,0.9,2.6,4.7,523,2021
2705,Kenrich Williams,PF,26,OKC,66,21.6,3.3,6.2,0.8,1.8,2.5,4.5,0.5,1.0,1.3,2.9,4.1,2.3,0.8,0.3,1.2,2.2,8.0,524,2021
2706,Lou Williams,PG,34,TOT,66,21.6,4.0,9.8,1.0,2.6,3.0,7.2,2.3,2.6,0.3,1.8,2.1,3.4,0.7,0.1,1.6,0.9,11.3,525,2021
2707,Lou Williams,PG,34,LAC,42,21.9,4.3,10.2,1.1,2.8,3.2,7.4,2.5,2.8,0.4,1.7,2.1,3.4,0.9,0.1,1.6,1.0,12.1,525,2021
2708,Lou Williams,PG,34,ATL,24,21.0,3.5,9.0,1.0,2.3,2.5,6.8,2.0,2.3,0.3,1.8,2.1,3.4,0.3,0.1,1.8,0.8,10.0,525,2021
2709,Patrick Williams,PF,19,CHI,71,27.9,3.6,7.4,0.8,1.9,2.8,5.5,1.3,1.8,0.9,3.7,4.6,1.4,0.9,0.6,1.4,1.8,9.2,526,2021
2710,Robert Williams,C,23,BOS,52,18.9,3.6,5.0,0.0,0.0,3.6,4.9,0.9,1.4,2.6,4.3,6.9,1.8,0.8,1.8,1.0,2.0,8.0,527,2021
2711,Zion Williamson,PF,20,NOP,61,33.2,10.4,17.0,0.2,0.6,10.2,16.4,6.0,8.7,2.7,4.5,7.2,3.7,0.9,0.6,2.7,2.2,27.0,528,2021
2712,D.J. Wilson,PF,24,TOT,35,12.4,1.9,4.8,0.9,2.5,1.1,2.3,0.5,0.7,0.6,2.6,3.2,0.7,0.3,0.5,0.6,1.3,5.2,529,2021
2713,D.J. Wilson,PF,24,MIL,12,8.8,1.3,3.6,0.8,2.3,0.5,1.3,0.1,0.2,0.3,1.8,2.1,0.3,0.1,0.3,0.3,1.1,3.6,529,2021
2714,D.J. Wilson,PF,24,HOU,23,14.3,2.3,5.4,0.9,2.6,1.4,2.9,0.7,1.0,0.7,3.0,3.8,0.9,0.4,0.5,0.8,1.3,6.1,529,2021
2715,Dylan Windler,SF,24,CLE,31,16.5,1.8,4.2,0.8,2.5,1.0,1.7,0.7,0.9,0.6,2.8,3.5,1.1,0.6,0.4,1.0,1.2,5.2,530,2021
2716,Justise Winslow,SF,24,MEM,26,19.5,2.8,8.1,0.4,2.1,2.5,6.0,0.8,1.3,0.7,3.8,4.5,1.9,0.6,0.5,1.4,1.8,6.8,531,2021
2717,Cassius Winston,PG,22,WAS,22,4.5,0.6,1.5,0.4,0.8,0.3,0.7,0.2,0.3,0.0,0.4,0.4,0.5,0.1,0.0,0.2,0.4,1.9,532,2021
2718,James Wiseman,C,19,GSW,39,21.4,4.9,9.4,0.3,1.0,4.6,8.5,1.4,2.2,1.4,4.4,5.8,0.7,0.3,0.9,1.5,3.1,11.5,533,2021
2719,Christian Wood,C,25,HOU,41,32.3,8.0,15.6,1.9,5.0,6.1,10.6,3.0,4.8,1.9,7.8,9.6,1.7,0.8,1.2,2.0,2.1,21.0,534,2021
2720,Robert Woodard,SF,21,SAC,13,3.5,0.6,1.5,0.1,0.5,0.5,1.1,0.2,0.6,0.3,0.9,1.2,0.2,0.0,0.2,0.1,0.3,1.5,535,2021
2721,Delon Wright,SG-PG,28,TOT,63,27.7,3.8,8.2,1.0,2.7,2.8,5.5,1.6,2.0,1.0,3.2,4.3,4.4,1.6,0.5,1.3,1.2,10.2,536,2021
2722,Delon Wright,SG,28,DET,36,29.2,3.8,8.1,0.9,2.5,2.9,5.7,2.0,2.5,1.0,3.5,4.6,5.0,1.6,0.5,1.3,1.3,10.4,536,2021
2723,Delon Wright,PG,28,SAC,27,25.8,3.9,8.3,1.2,3.1,2.6,5.3,1.1,1.3,1.0,2.9,3.9,3.6,1.6,0.4,1.3,1.1,10.0,536,2021
2724,Thaddeus Young,PF,32,CHI,68,24.3,5.4,9.7,0.2,0.7,5.3,9.1,1.0,1.7,2.5,3.8,6.2,4.3,1.1,0.6,2.0,2.2,12.1,537,2021
2725,Trae Young,PG,22,ATL,63,33.7,7.7,17.7,2.2,6.3,5.6,11.3,7.7,8.7,0.6,3.3,3.9,9.4,0.8,0.2,4.1,1.8,25.3,538,2021
2726,Cody Zeller,C,28,CHO,48,20.9,3.8,6.8,0.1,0.6,3.7,6.2,1.8,2.5,2.5,4.4,6.8,1.8,0.6,0.4,1.1,2.5,9.4,539,2021
2727,Ivica Zubac,C,23,LAC,72,22.3,3.6,5.5,0.0,0.1,3.6,5.4,1.9,2.4,2.6,4.6,7.2,1.3,0.3,0.9,1.1,2.6,9.0,540,2021
